-3.6416e-009,4.5885e-006,3.0639e-006,-0.0015066,4.4869e-006,-0.020372,0.0040186,-0.00031593,0.0073816,-0.00015339,0.039819,-5.3909e-006,-0.0025463,-0.0050663,4.8417e-006,-0.0094313,0.025598,-0.013923,0.0015132,-0.24575,0.064999,-0.0001227,-0.06778,0.25933,-0.11512,-0.0021242,-0.0001869,-0.00052465,0.084464,-0.036835,-0.0081423,-0.00010848,0.065918,0.00032032,0.030557,0.089839,-0.0021607,-0.12883,-0.081384,0.00045247,0.19311,0.0083301,0.050605,-0.41118,-0.0042824,-0.098326,-0.15033,0.00023696,0.083736,0.085498,0.00016098,0.073769,-0.022245,-0.00015853,-0.0063717,-3.3798e-005,-0.016825,-0.043607,0.0086813,0.0080099,0.0041672,0.032483,0,0,0,0,0,0,0,0,0,0,0,0,0,0,0,0,0,0,0,0,0,0,0,0,0,0,0,0,0,0,0.73289
-2.7378e-008,0.00086851,-0.00018783,4.3412e-005,3.2513e-006,-0.0001013,0.00017361,-0.0044993,-0.0004929,-0.025179,0.00021004,-5.5382e-006,-0.007814,0.023054,1.5284e-005,-0.00061598,-0.0081398,0.037372,-0.0005524,0.028556,0.20892,0.00011958,-0.081164,-0.014828,-0.022207,0.084944,4.8051e-005,-0.14348,-0.17563,0.014894,-0.089974,-0.00044438,0.17641,-0.00017022,0.3963,0.11869,-0.0027023,-0.15206,0.24388,-0.0021002,-0.26943,-0.0066484,0.025071,0.10665,0.0010002,-0.16656,-0.13032,-5.331e-005,-0.065411,-0.11804,0.0021292,0.50822,0.017493,0.00031766,0.23642,0.00024019,0.10663,-0.20036,0.15265,-0.014157,0.23523,0.0040027,-0.0036582,-0.0060925,-0.00072827,-0.0059765,-0.003768,-0.004512,0.0014275,-0.0025786,7.9314e-005,-0.0026531,-0.010674,0.0032117,0.001785,-0.0035473,-0.0023867,-0.0024972,-0.0012873,0.010844,0.0046259,-0.00016579,-0.0014466,-0.0033433,-0.0078398,0.0080489,-0.015341,0.00071749,-0.01433,0.014311,0.0058077,1.7075e-014,7.6286e-005
-0.0003581,0.13402,0.99043,-0.0082055,-0.00076208,0.0013118,-0.00086991,0.022772,0.00048143,0.0049521,0.0001494,-5.8774e-005,-0.016698,-0.0090092,-2.0938e-005,0.00061592,0.0059587,-0.0017242,0.000108,0.0017793,-0.00044029,-1.9073e-005,6.8284e-005,0.0012105,-0.001898,0.0010416,3.0543e-005,0.0013143,-0.0030099,0.0015876,0.0034976,7.1998e-006,0.00202,6.0652e-005,0.0028267,-0.0023037,-4.2578e-005,-0.00039833,-0.00093966,9.0224e-005,-0.00056254,4.9018e-005,0.00037948,-0.0010529,-6.5151e-005,-0.0013769,0.0011646,-6.5429e-005,-0.0018207,-0.0016153,4.3766e-005,-0.0016616,-0.0014599,-1.5079e-005,-0.00080423,-6.3441e-006,0.00072329,0.0003282,-0.0006538,-0.00029168,0.00020151,-3.799e-016,-8.4568e-018,9.3458e-017,-9.0965e-017,-9.1073e-018,1.2143e-017,-7.0311e-017,9.4542e-017,-3.0331e-017,1.5179e-017,-1.8215e-017,2.8406e-017,4.7813e-017,-4.9223e-017,3.0032e-017,-3.872e-017,8.4568e-017,-8.5001e-017,9.8229e-017,5.4644e-017,6.2342e-017,-3.9031e-018,-2.8406e-017,-8.8905e-018,3.1279e-017,-2.9273e-018,-6.18e-018,-9.7578e-019,-1.2685e-017,2.2931e-017,-1.535e-018,1.3878e-016
-1.3582e-007,4.7335e-005,0.00013774,-0.005672,5.4462e-005,-0.10109,0.13552,-0.030138,0.38516,0.0049453,0.87578,-9.0081e-005,-0.021315,-0.012061,1.9974e-005,0.018486,0.010245,-0.0074014,-4.8548e-005,0.0022573,0.0091313,-4.2856e-005,0.011714,0.0018166,0.0041586,0.016269,-7.0763e-005,-0.0054473,0.024907,0.02291,0.020638,4.813e-005,-0.0049038,0.00017211,-0.040091,0.040497,-0.00054069,-0.035318,-0.041929,-6.9057e-005,-0.039218,-0.0011536,0.0044119,0.029425,0.00021587,0.0059469,0.0036188,6.7833e-005,0.0085002,-0.0030571,-9.165e-006,0.0030455,-0.01446,-4.4378e-005,-0.0016841,-2.9159e-005,-0.013739,-0.02315,0.007874,-0.023029,0.0096555,0.040924,-0.057873,0.036624,0.0032309,0.12101,-0.0077401,-0.043582,-0.0023689,0.031139,0.030083,0.042225,0.023792,-0.015854,-0.0084634,-0.023599,-0.021253,0.048552,-0.041611,0.064782,0.026277,0.0094941,-0.0013684,-0.02673,-0.0099061,0.0098379,-0.012048,-0.00081859,0.017103,-0.016134,0.0089737,2.7142e-014,-0.046265
-8.4985e-007,0.0073832,0.004399,-0.010683,-5.3947e-006,-0.0012273,0.0012525,-0.0053435,0.00080573,-0.025703,-0.0030553,-8.0832e-006,0.02133,0.093439,-4.6431e-005,-0.037065,-0.17867,0.23145,-0.0018754,-0.067322,0.33712,-0.0017035,0.030154,-0.0994,0.19823,-0.12929,-0.00030965,-0.29209,0.1418,-0.14632,0.027387,-6.5289e-005,0.048382,0.00015851,0.04809,0.067783,0.00079144,0.059106,0.12576,-0.00069844,-0.2378,-0.0091334,0.11277,-0.060176,-0.0038001,0.12785,-0.11501,0.0043048,0.5737,-0.13864,-0.0010948,-0.24527,0.080893,-0.00065886,-0.091522,-0.00019215,-0.089789,-0.048871,-0.095432,0.12472,-0.028489,-3.3827e-016,-5.5565e-016,-7.9854e-016,-7.5864e-016,6.7578e-016,9.4868e-018,-3.1076e-016,-1.4565e-016,-7.9971e-016,1.7255e-016,2.2682e-016,2.8164e-016,-4.8991e-016,-3.9573e-017,6.6441e-016,-2.6681e-016,-1.4143e-016,-3.6101e-016,1.4566e-016,-2.4386e-016,1.1955e-016,3.8195e-016,4.3176e-016,1.9386e-016,6.327e-017,5.0673e-017,1.1046e-017,-1.0458e-016,-1.2126e-016,-1.274e-016,-2.3473e-018,-3.8858e-016
-1.3768e-008,3.0099e-006,1.3398e-005,-0.00012869,4.0578e-006,-0.0029173,0.006839,-0.0034082,0.037122,0.0010815,0.072173,-6.1152e-006,-0.00047289,0.0017052,9.5561e-007,0.0076756,-0.0083349,0.013768,-0.00082748,0.12368,-0.057722,-0.00033589,-0.044241,-0.057931,0.14653,-0.066172,0.00027808,0.020837,-0.067451,-0.027347,-0.038323,-5.5067e-005,0.013767,-0.0001044,0.066448,-0.0363,0.0015169,0.094679,0.084062,0.00022951,0.10235,0.0028763,-0.046901,-0.070581,-0.00040372,-0.012805,-0.046172,5.0665e-005,-0.022291,-0.040238,2.7061e-005,-0.0093482,0.016728,9.7985e-006,-0.0059854,-4.54e-005,-0.022437,0.017815,0.0019015,0.005933,0.014859,-0.19502,0.30853,0.2183,0.47721,-0.58163,0.14942,-0.0012815,-0.072584,-0.00067596,-0.033586,0.14201,0.054214,-0.01638,-0.031388,-0.0089013,-0.11202,0.16511,-0.14649,0.15441,0.020821,0.0053279,-0.0075995,0.0040291,-0.0049118,-0.029204,-0.016764,0.015474,-0.00099857,-0.0091334,0.00036812,1.2445e-015,0.057588
-1.3332e-008,0.00071014,-0.00018103,-0.0028663,-6.7489e-008,0.00038416,0.00028835,-0.00076085,-0.00018291,-0.0088504,0.00027818,-3.6928e-006,0.023364,-0.049494,-6.7599e-005,-0.012603,-0.071704,-0.0094304,-0.00025271,-0.0014207,-0.032922,-0.0005155,-0.085243,-0.030103,-0.052782,0.032558,-7.7648e-005,0.1114,0.017354,-0.1167,0.24634,0.00025998,0.038593,0.00087247,0.17473,0.049591,0.0025505,0.14027,-0.14563,0.00044492,-0.17509,-0.0058714,-0.24054,-0.023372,-0.0014419,0.16291,-0.20926,-0.00078677,-0.014454,0.22418,-0.00037501,-0.0036845,-0.22304,-0.00029426,0.26677,-0.000582,-0.27523,0.11898,0.060981,0.20662,-0.065627,0.13711,-0.40794,-0.20692,0.21395,-0.18919,-0.016975,-0.08734,-0.00092359,-0.018264,0.013095,-0.10164,-0.10691,0.042696,-0.0014846,-0.00034041,-0.0061478,0.034106,0.0023523,0.021337,0.0026867,0.00048393,0.0027831,0.011332,0.00066941,-0.0027901,-0.0020492,-0.011248,0.015469,-0.01658,-0.0054932,-1.6082e-014,-0.022362
-4.3358e-008,2.6092e-005,3.5426e-005,-0.00066734,9.8851e-006,-1.3578e-005,0.00034617,-0.0096359,-0.00070449,-0.013708,-0.00052207,1.0937e-005,-0.012044,0.0072108,-5.4529e-005,-0.0087777,-0.066862,-0.11023,0.0012972,-0.07996,-0.010184,0.0016296,0.28279,0.078593,0.08706,-0.073906,0.00040258,0.063007,-0.30481,-0.12993,0.078851,-9.6908e-005,0.025262,7.7059e-005,-0.043255,0.095476,-0.00050306,-0.018048,0.054228,8.075e-005,0.0070771,-0.00061941,0.044988,0.0033424,-0.00054496,0.064507,0.028033,0.00025903,0.024382,-0.026544,-4.7445e-005,-0.019014,-0.016316,0.00017107,0.14969,-8.548e-006,-0.0029094,0.071128,0.053732,0.022732,-0.070224,0.7464,0.36311,0.0055375,0.03239,-0.021302,0.012038,0.043587,-0.019002,0.019781,-0.015701,0.015078,0.035263,-0.02937,0.0012295,-0.013345,0.020769,-0.014376,0.0079658,-0.020162,-0.010045,0.0047533,-0.0014724,-0.0052239,0.0028042,-0.0040153,0.0049717,0.0057577,-0.00273,0.0010267,0.0025859,7.7063e-015,-0.0088114
-4.197e-008,0.00073722,-0.00015975,-0.0033329,7.5872e-006,-0.0065827,0.0076105,-0.0056362,-0.017359,-0.010343,0.0033852,7.1068e-006,-0.004599,0.013528,-8.936e-005,-0.033416,-0.18742,-0.13578,-2.5018e-005,0.031889,0.014941,0.0005338,0.10418,0.078474,0.099883,-0.0073141,9.2905e-005,-0.066171,-0.17632,-0.036606,0.13155,0.00018767,-0.09126,-0.00029711,-0.14663,-0.10688,-0.0012314,-0.081017,0.012686,-0.00093638,-0.057767,0.00044171,0.081559,-0.11832,-0.00084982,-0.1634,-0.079607,0.00063114,0.020798,-0.095392,0.00010236,0.02041,0.045485,0.00014476,-0.219,0.00058653,0.2882,0.15249,0.16624,-0.1287,0.073698,0.037809,-0.48692,-0.077423,0.18606,-0.12445,0.13729,0.22319,-0.1394,0.18501,-0.075371,0.13863,0.16403,-0.11399,0.041579,-0.087938,0.14257,-0.11364,0.053712,-0.083172,-0.035734,0.039408,0.002119,-0.020357,0.0017408,-0.013698,-0.011188,0.03807,-0.00711,0.015153,0.026968,8.0324e-014,-0.031093
-3.5831e-009,8.059e-006,6.1651e-007,-0.0034336,9.1878e-006,-0.049126,0.01665,0.0029302,-0.056827,0.0026516,0.012064,-5.5841e-008,-0.0023148,-0.012828,1.6164e-005,0.33775,-0.063748,0.0055011,-0.00034663,0.043299,0.0015213,-0.00017049,-0.086848,0.24559,0.060806,-0.11217,0.00015853,0.03726,0.033898,-0.092195,-0.062788,-0.00015274,0.070071,0.00019693,0.086494,0.041707,0.00010996,0.0088162,0.0034856,0.00040541,0.14185,0.00504,0.013431,-0.17927,-0.0016425,-0.039944,-0.084514,6.5317e-005,0.0045156,0.0022489,4.6558e-005,0.0082987,0.015636,-3.2257e-006,-0.0061109,-1.4646e-005,-0.0080209,0.0097828,-0.00012883,0.013784,0.0066154,-0.1167,0.22957,-0.5386,0.17223,0.19288,-0.069022,-0.15879,-0.073214,0.31944,-0.066894,0.18277,0.046556,0.10274,0.10073,0.075218,0.022361,-0.011997,0.035253,0.012389,0.076361,-0.025795,0.029284,0.012464,-0.0093043,0.0071295,0.017066,-0.0043951,-0.0067628,-0.024441,0.012111,3.6892e-014,-0.24603
-3.7833e-008,0.00055526,-0.00031316,-0.10484,0.00011431,-0.74969,-0.64634,-0.013186,0.077895,0.0039448,-0.021755,2.0649e-006,-0.00059164,-0.00024412,-3.098e-006,-0.040208,0.0074295,-0.0030098,-3.901e-005,0.011363,0.0021839,5.4808e-005,0.0071623,-0.013678,0.0057715,0.013404,-5.3162e-007,0.0049436,-0.0022819,0.0022934,-0.0012211,1.7461e-006,-0.0044638,-3.894e-005,-0.0034251,-0.0054616,5.3628e-006,0.00048303,0.002649,-2.4332e-005,-0.0065113,-0.00023439,-0.0042202,0.004617,2.5908e-005,0.0044274,0.002024,-3.1781e-006,-0.0010494,-0.0010427,6.0796e-007,-0.00036808,0.0010774,2.8e-006,0.00014707,1.0862e-006,0.00047793,-4.7356e-005,-7.8792e-005,1.4402e-005,-1.3487e-005,3.6776e-016,8.3267e-017,-8.3267e-017,2.7756e-017,-5.5511e-017,-3.4694e-017,8.3267e-017,5.5511e-017,6.9389e-017,-7.9797e-017,6.245e-017,1.7347e-017,-4.8572e-017,-3.8164e-017,-3.4694e-018,3.4694e-017,-2.4286e-017,8.4134e-017,-2.6021e-018,1.1449e-016,3.0358e-017,-1.7347e-017,-1.9516e-018,-3.4694e-017,1.3444e-017,2.1684e-017,7.5894e-019,1.301e-018,-4.3368e-018,1.6046e-017,-2.7637e-018,-1.6653e-016
-5.3059e-009,1.322e-005,6.942e-006,-0.0010954,2.9932e-006,-0.010366,0.007773,-0.00032038,-0.015929,-0.003333,-0.00027345,1.134e-006,0.0061902,0.019689,-1.7052e-005,-0.033732,-0.062913,0.020573,-0.0010704,0.10731,-0.00044295,-0.00024887,-0.020992,0.021755,-0.07661,-0.17493,2.2351e-005,-0.14814,-0.08276,0.12573,0.14086,0.00032021,-0.082791,0.00013163,-0.091431,-0.099691,-0.00031124,-0.030429,-0.078036,-0.00010689,-0.00023451,0.0016595,0.0027069,-0.081232,-0.00043634,-0.084515,-0.095513,-7.8309e-005,-0.017344,-0.019319,0.00038973,0.083662,-0.0021595,-0.00020245,-0.006746,-0.00021622,-0.10428,0.0087514,0.01285,0.067506,0.03567,-0.0044906,0.072794,-0.10697,-0.26616,-0.16435,0.23795,-0.41232,0.43391,0.027197,-0.10593,-0.060529,0.17364,-0.426,0.013346,-0.072226,0.0629,-0.028334,-0.023592,0.092895,0.041892,0.063879,0.060433,-0.020143,-0.045509,-0.033113,0.014522,0.011152,-0.020657,-0.093895,0.011806,3.7357e-014,-0.04095
-0.00084435,1.0654e-005,0.00014647,-2.3854e-006,0.0030333,1.2709e-006,-1.2524e-006,3.9015e-005,1.4549e-006,1.3229e-006,2.0075e-006,0.0044363,-0.00016213,-0.00015486,0.007864,1.6242e-005,0.00019772,-0.00022355,-0.075348,-0.00045396,-0.00013684,0.038738,-5.4613e-005,5.8394e-005,-0.0001012,5.2582e-005,-0.039035,0.00016514,-0.0003531,0.00011104,0.00031518,-0.011403,0.0012069,-0.099964,0.00014484,-0.00047973,0.14633,-0.0016907,-0.0018847,-0.42885,0.0037572,-0.094516,0.00065635,-0.004405,0.38968,0.0021462,0.00017226,0.48782,-0.0011691,0.0018232,-0.53663,0.0029057,0.00090161,0.24335,0.00010499,0.17249,-0.00084511,-0.00010701,0.00021418,9.2553e-005,-6.1456e-005,7.1514e-016,1.5038e-016,-3.8122e-016,7.4512e-017,1.0805e-016,2.6624e-016,2.9786e-016,1.2712e-017,1.0021e-015,-4.1608e-016,1.2178e-016,6.7993e-017,3.0303e-017,-1.8001e-016,6.573e-019,1.7416e-016,-9.9013e-017,3.3377e-016,-8.8125e-017,-2.3106e-016,8.3433e-017,7.2191e-017,-1.9304e-016,-7.7419e-018,-5.2802e-017,1.2637e-016,5.5908e-017,-1.0811e-016,-2.5204e-016,-1.745e-017,1.0636e-017,-6.245e-016
-3.3394e-007,0.00021511,0.0028892,-7.1963e-005,-3.4554e-006,-1.6716e-005,5.8578e-005,-0.0013894,0.00011136,-0.0014159,0.00073565,-9.8736e-007,0.15781,0.076308,0.00014883,0.016653,0.058743,-0.10476,0.00027554,0.0081819,0.031181,0.00011542,-0.017269,-0.013292,0.0045593,-0.011874,3.6134e-005,-0.0064977,-0.0013926,-0.017892,0.0052966,2.8106e-005,-0.0046147,6.2675e-005,-0.011405,0.0052337,9.8912e-005,0.0036539,-0.0050037,-4.5146e-005,-0.0027949,-1.8936e-005,0.0029414,0.00061174,2.1677e-005,0.0051082,-0.012431,7.2864e-005,-0.001619,-0.013811,-5.4438e-005,-0.011793,-0.0081847,-2.4498e-005,-0.010533,-1.8037e-005,-0.0082878,-0.036604,0.0018486,-0.011366,0.0065883,0.057472,-0.077663,-0.057304,-0.50161,-0.23941,0.14451,-0.07164,-0.5631,0.13128,-0.040175,0.024087,-0.042427,-0.05225,0.10021,0.26376,-0.096805,0.20394,-0.076876,0.19873,0.14543,-0.10701,0.025706,0.15903,0.084415,-0.0083627,0.051008,-0.056499,0.050673,-0.039319,-0.098636,-2.9391e-013,-0.0025729
-5.4092e-010,3.2727e-006,-8.2703e-007,-0.0022733,6.0516e-006,-0.033081,0.016119,0.0017037,0.03682,0.0010658,-0.037177,2.1796e-006,-0.0034024,-0.016551,2.0316e-005,0.37675,-0.058914,0.0022376,0.00017871,-0.027801,0.010691,0.000181,0.050163,-0.05592,-0.048593,0.049233,-0.00012395,0.0015673,0.040212,-0.012643,-0.005831,-6.7197e-005,0.060948,0.000492,-0.0017985,0.15486,-0.0030482,-0.19464,-0.27,0.00033579,0.0027269,0.0024663,0.18973,-0.13382,-0.0016831,-0.041998,-0.11912,-0.00016195,0.0028986,0.057347,0.00010158,0.025718,0.045058,5.13e-005,-0.0048091,5.1465e-005,0.022222,0.023458,-0.0095322,0.050793,-0.0091649,0.017638,-0.025017,0.4352,-0.10937,-0.20149,0.046476,-0.10515,0.08529,0.28098,-0.070738,-0.13531,-0.22356,0.28444,-0.0046567,-0.12972,0.14818,0.012839,0.16629,-0.078867,0.0039589,0.021836,0.0069485,-0.024987,-0.020675,-0.027773,0.062621,-0.013258,7.1657e-005,-0.015703,0.014849,4.4754e-014,-0.20636
-7.0771e-007,0.0040455,0.0042222,-0.0032306,6.8443e-006,-0.0023664,0.0009341,-0.016562,-3.9219e-005,-0.060213,-0.0037455,-8.2474e-006,-0.0039879,0.0079512,-0.0001307,-0.049135,-0.25177,-0.19737,0.00095306,-0.11191,-0.11581,-0.00027652,0.13548,-0.071872,0.018283,-0.33505,0.00024595,0.050721,0.10714,0.23895,-0.31329,-0.00047231,0.083673,-0.0004402,-0.019168,0.07538,-0.0052206,-0.28302,0.23013,-0.00057973,0.0066155,-0.0018383,-0.18338,0.21416,0.002157,0.097083,-0.38232,-0.00094191,-0.020435,0.3635,-0.00091555,-0.075427,-0.031081,-0.00020428,-0.18327,6.7478e-005,0.022296,-0.064949,0.022804,0.016898,0.015962,-3.6603e-016,-2.9208e-016,-4.4756e-016,-3.387e-016,9.3588e-016,-5.7528e-016,2.7756e-017,3.3846e-016,-2.2985e-016,1.8453e-016,2.4199e-016,1.8215e-016,3.4694e-017,3.4754e-016,2.5197e-016,9.6277e-017,-5.7224e-016,-6.4185e-017,-1.5027e-016,-5.2706e-017,-1.8087e-016,-3.8598e-017,2.4947e-016,5.9035e-017,7.7629e-017,9.2157e-017,-1.4181e-016,5.7029e-017,1.374e-016,-6.2586e-017,1.804e-017,1.9429e-016
-0.0057016,-5.9931e-007,-7.6484e-007,-1.0737e-006,0.017447,4.5608e-006,-4.4367e-006,0.00012661,5.1873e-006,-5.1103e-005,1.2652e-005,0.051588,1.5829e-005,-8.1205e-005,0.22578,-6.1719e-005,-0.00025842,3.6728e-005,-0.12505,-0.0011243,-0.00039006,0.19566,-0.00049397,-0.00012925,0.00012608,0.00036109,0.56769,-0.00053012,0.00096798,0.0001278,0.00013849,-0.012221,-0.0013771,0.14626,0.00045951,-2.7168e-005,0.06809,-0.002212,0.001792,0.46077,-0.0025679,-0.0032032,0.00066416,-0.0036002,0.25538,0.00072607,0.00017629,0.22642,-0.0009529,0.00095184,0.16636,-0.00052228,-0.00023135,0.040766,-7.9994e-005,0.43067,-0.0008788,-1.6897e-006,6.7592e-006,3.1622e-006,-1.2912e-006,3.1052e-016,9.0956e-017,-1.8533e-016,-3.257e-016,4.0721e-016,-1.7749e-016,4.2414e-016,-1.9796e-016,4.5321e-016,-3.2694e-016,3.8928e-016,1.413e-016,2.4301e-017,6.9217e-017,3.9983e-016,-3.5885e-017,1.7584e-018,-2.9664e-017,6.6878e-017,-1.0052e-016,2.7496e-016,3.2156e-016,1.699e-016,2.0595e-016,-1.0675e-018,2.8208e-017,-1.1725e-016,5.5355e-017,-3.7003e-017,-1.9375e-016,8.2836e-018,6.3838e-016
-5.6461e-009,4.5658e-006,6.6748e-006,-0.00047149,2.94e-006,-0.0075394,0.0071224,-0.0013048,0.0051431,-0.001312,0.062773,-7.3419e-006,-0.0014605,-0.0014492,-4.343e-006,-0.024448,0.0040176,-0.025392,0.0010733,-0.14964,0.11012,0.00095237,0.13989,0.051875,-0.30399,0.13194,-0.00054489,-0.044333,0.12556,0.04209,0.063493,6.9953e-005,-0.033766,-0.00012796,-0.067776,-0.048946,-0.00029367,-0.0067947,0.15151,-0.0002932,0.047669,0.001074,-0.13665,-0.13644,-0.0015014,-0.022169,0.063516,0.00040501,0.10881,0.058747,-1.8605e-005,0.049243,-0.10305,-0.00023923,0.0065315,-4.5878e-005,-0.018641,-0.10085,0.020244,-0.072132,-5.6023e-005,-0.057096,0.16405,-0.22912,-0.01626,-0.11848,0.56635,0.32029,0.060777,-0.1062,0.10501,-0.16369,-0.15708,0.16676,0.01476,0.0083853,0.064892,-0.031981,0.040984,-0.043519,-0.02652,0.011728,-0.021952,-0.035056,-0.031143,0.017169,-0.033455,0.0025516,-0.0034268,-0.066065,0.0064376,2.0846e-014,-0.20188
-0.99944,-8.0832e-005,-0.00037349,5.7368e-006,-0.029104,-6.0252e-006,1.0868e-006,-1.9157e-006,3.9813e-007,-5.0612e-006,3.3574e-008,-0.012613,6.8431e-006,1.3138e-005,-0.0083353,4.451e-007,-4.8097e-006,1.1755e-005,0.0021709,8.8122e-006,-2.6353e-006,0.0035419,-2.0271e-005,-6.9151e-006,1.1724e-005,-1.0094e-005,-0.0047087,-2.5355e-006,5.7895e-006,1.7745e-006,6.8185e-006,0.00070395,6.6088e-006,-0.00066955,-2.5082e-006,1.8703e-006,-0.0011613,1.6191e-005,4.098e-006,0.00093481,4.2057e-007,-0.00014375,-2.1434e-008,7.0102e-006,-0.00086141,-6.5586e-006,5.695e-007,-0.00083487,-1.3204e-006,-4.8311e-006,-0.0011445,2.5121e-006,1.492e-006,-0.00063101,5.508e-007,-6.2314e-005,3.5472e-007,4.181e-009,-7.7556e-009,-7.2813e-010,2.2768e-010,6.0021e-016,1.1102e-016,-6.9389e-017,0,-5.5511e-017,-2.0817e-017,6.9389e-018,3.1225e-017,6.9389e-018,-3.4694e-018,-6.0715e-018,-4.1633e-017,-6.9389e-018,-5.2042e-018,6.9389e-018,0,2.7756e-017,2.0817e-017,2.0817e-017,-6.9389e-018,-1.3878e-017,1.0408e-017,-6.9389e-018,-8.9447e-018,4.3368e-018,2.6129e-017,-1.2143e-017,-9.4868e-018,3.9031e-018,9.541e-018,-3.3157e-019,2.7756e-017
-0.0059034,4.2328e-006,6.7561e-005,-4.9902e-006,0.046141,9.9006e-006,-1.6284e-006,-5.1352e-005,-5.8177e-006,6.5577e-005,-1.1007e-005,0.13091,-0.00016157,-0.00059971,0.47559,-3.3169e-005,0.00027866,-0.00097944,-0.31636,-0.0019616,-0.00027312,0.0092234,0.00034756,0.00011232,-0.00018336,-5.2718e-005,-0.29936,0.00047558,-0.00088274,-0.00037452,-0.0010671,0.0549,-7.9737e-005,-0.011577,-0.00034812,0.00021951,0.083798,-0.00078952,0.0004791,0.13706,-0.0050031,0.16436,-0.00043966,-4.9105e-005,0.099644,0.0012292,-0.00061984,-0.50033,0.0045766,-0.0020669,-0.1822,0.00093679,-0.000518,0.45069,-0.00044807,0.11007,-0.00048768,3.0283e-006,6.2157e-006,4.7757e-006,-1.9153e-006,-2.5353e-015,-4.6913e-016,-5.4026e-016,-9.4759e-017,-4.0593e-016,2.9252e-016,1.8215e-017,-1.7347e-016,3.348e-016,-8.0231e-017,1.1362e-016,-5.6379e-017,2.5197e-016,8.8905e-017,-7.1557e-017,1.1758e-016,-1.6371e-017,4.7732e-017,-1.3401e-016,8.5909e-017,1.2382e-016,1.6122e-016,-1.1601e-017,-3.09e-017,1.1018e-016,4.2114e-017,-4.4886e-017,3.6592e-017,1.7271e-016,-7.8225e-017,6.2649e-018,-7.9103e-016
-6.2374e-008,5.9574e-005,7.7464e-005,-0.014399,6.724e-005,-0.25468,0.40494,0.0081384,0.7618,-0.0061003,-0.42416,2.6823e-005,0.00065116,0.00049818,-1.2646e-005,-0.026507,-0.012169,-0.01244,-5.795e-005,0.015585,0.018151,0.00013886,0.00059504,0.031548,-0.011093,0.0071129,-7.846e-006,0.0040104,-0.000764,0.0017567,-0.0017279,-2.3706e-006,-0.0056589,-8.666e-005,0.0067338,-0.017478,0.00031616,0.020919,0.032832,1.6745e-005,0.023718,0.00062898,-0.019519,-0.024628,-0.00020661,-0.0031816,-0.0020899,3.4171e-005,0.0036381,-0.0023825,-2.4596e-006,3.2809e-005,-0.0037108,-8.3472e-006,-0.00012705,-5.6642e-006,-0.0025297,-0.0021041,0.00091802,-0.0049534,0.0010634,-0.00085076,0.00034458,-0.030379,0.0061526,0.019031,-0.0070824,0.006876,-0.0037695,-0.020265,-0.020632,0.023117,0.0018169,-0.016656,-0.0025633,0.010307,-0.0097034,0.0029482,0.0011418,0.0064491,0.006797,0.011083,0.018925,0.0011071,-0.0068241,-0.0044157,-0.0064468,0.0024766,-0.00049326,-0.0060801,-0.0095073,-2.8257e-014,-0.013406
-1.3338e-006,0.00085981,0.01154,-0.00029263,-1.3659e-005,-6.8683e-005,0.00024056,-0.0057488,0.00044675,-0.0062805,0.0029632,-3.8403e-006,0.65773,0.29326,0.00059011,0.066714,0.23533,-0.40641,0.0010458,0.032092,0.10193,0.00044895,-0.042602,-0.024771,0.051279,-0.011538,4.1386e-005,-0.062647,-0.003091,0.0031937,0.035456,8.6572e-005,0.13392,0.002005,-0.081451,0.0028762,0.0011601,0.056815,-0.025539,-0.00023956,-0.037978,-0.00065181,-0.0060984,-0.016368,-0.00014024,0.0099631,-0.034964,0.00013413,-0.0073946,-0.023719,-0.00025538,-0.057309,-0.03314,-4.828e-005,-0.016392,-5.9835e-005,-0.026309,-0.12153,0.014054,-0.015343,0.03498,-0.019225,0.017035,-0.010145,0.11476,0.029612,-0.061035,0.029498,0.11786,-0.051352,0.1052,-0.018263,0.097468,-0.022466,-0.028828,-0.091639,-0.015148,0.13258,0.22055,-0.1201,0.0055533,-0.020937,-0.025646,-0.060778,-0.0867,-0.056294,0.062289,-0.082374,0.051747,-0.061616,-0.018747,-5.4567e-014,-0.00089127
-3.8643e-009,4.4431e-006,5.0851e-006,-0.0016258,7.0061e-006,-0.030603,0.040535,0.0021482,-0.0024043,0.00071163,0.036178,-6.0415e-006,-0.0035982,-0.0080161,1.6846e-005,-0.077729,0.086878,0.0013779,0.0026237,-0.42968,-0.013264,-0.00095869,-0.087643,-0.15994,-0.0084146,0.12622,-7.8647e-005,-0.019371,-0.074631,0.098199,0.042997,8.767e-005,-0.056163,-0.000273,-0.067168,0.0041402,-0.0007486,-0.046497,-0.045139,-0.0002648,-0.12215,-0.0040492,0.041561,0.12156,0.00082748,0.039995,0.06179,-6.5143e-005,0.013116,0.033828,-0.0001126,-0.015641,-0.0046132,6.0607e-005,0.0062942,9.5429e-005,0.046184,-0.0099298,-0.0063064,-0.016545,-0.0215,-0.029885,0.041956,-0.10659,0.03875,-0.18641,-0.14049,0.15803,0.3328,0.11457,-0.37187,0.17377,0.016061,0.06684,0.16229,0.26777,-0.040295,-0.036244,0.12851,-0.025618,0.28199,-0.21193,0.062723,0.14123,0.028138,-0.095695,0.023683,0.026947,0.014181,0.064901,-0.054713,-1.6512e-013,0.01951
-3.9284e-008,2.3641e-005,3.2098e-005,-0.00060464,8.9564e-006,-1.2303e-005,0.00031365,-0.0087306,-0.0006383,-0.01242,-0.00047302,9.9095e-006,-0.010913,0.0065334,-4.9406e-005,-0.007953,-0.06058,-0.09987,0.0011753,-0.072448,-0.0092269,0.0014765,0.25622,0.071209,0.07888,-0.066963,0.00036476,0.057087,-0.27617,-0.11773,0.071443,-8.7803e-005,0.022888,6.9819e-005,-0.039191,0.086506,-0.00045579,-0.016352,0.049134,7.3164e-005,0.0064122,-0.00056121,0.040761,0.0030284,-0.00049376,0.058446,0.025399,0.00023469,0.022091,-0.02405,-4.2988e-005,-0.017228,-0.014783,0.000155,0.13563,-7.7449e-006,-0.002636,0.064446,0.048684,0.020596,-0.063627,-0.32912,-0.029269,-0.010323,-0.059126,0.10156,0.084264,-0.043811,0.043344,-0.1115,0.021374,0.16436,-0.35218,-0.072962,-0.036939,-0.16871,-0.075981,-0.14169,-0.051851,0.15839,0.14233,-0.10867,-0.13118,-0.09616,-0.011833,-0.10026,0.41391,-0.25973,0.060136,0.22614,-0.037114,-1.1614e-013,0.036578
-5.1901e-007,0.00033266,0.0044913,-9.7397e-005,-5.7684e-006,-2.0646e-005,7.2714e-005,-0.0016054,0.00016768,-0.00046135,0.0010743,-1.8224e-006,0.16904,0.15069,0.00024343,0.02533,0.089357,-0.19634,0.00058058,0.014354,0.11137,0.00021292,-0.10023,-0.099462,-0.084933,-0.11832,0.00034261,0.092007,-0.0090409,-0.23556,-0.031561,0.00011517,-0.43111,-0.0047851,0.082168,0.058301,-0.0019751,-0.11181,0.0076749,9.4685e-005,0.070271,0.0015739,0.054234,0.053298,0.00066486,0.036991,-0.06019,0.00054987,6.5605e-005,-0.10897,2.098e-005,0.010071,-0.011472,-0.00017601,-0.087828,-6.2005e-005,-0.031787,-0.12555,-0.015689,-0.1013,-0.013872,0.051249,-0.048458,-0.0099435,0.078641,0.031586,0.0089326,-0.099406,0.057996,-0.043337,-0.26068,-0.062093,-0.19787,0.12327,-0.0066358,0.090303,0.070173,-0.29599,-0.42229,0.11841,-0.12051,0.025387,-0.069982,-0.027235,0.082739,0.063784,-0.06992,0.13512,-0.025625,-0.043713,0.083584,2.5027e-013,0.0022551
-2.4277e-008,0.0013565,-0.00040548,-0.017347,-2.3974e-006,0.0025156,0.0014827,0.00032287,-0.00027126,0.00019887,0.00032439,1.3142e-006,0.020385,0.055512,1.6384e-005,-0.00060817,-0.034314,0.21144,-0.0012268,-0.081025,0.36778,-0.00068549,0.15709,-0.07184,0.2629,-0.18794,-0.00010905,0.28587,0.2287,0.088743,0.22853,0.00032159,0.030452,0.00094386,0.025601,-0.34256,-0.00097316,-0.074669,-0.004736,-0.00056173,0.079153,0.0057129,0.21391,-0.019711,0.0008242,0.0011849,-0.045076,-0.0017805,-0.30124,0.024212,-0.00045496,-0.077272,-0.28305,0.00054858,0.1896,0.0003471,0.18767,-0.22506,3.153e-005,-0.035429,-0.023817,-5.1174e-017,8.8471e-016,1.4927e-015,4.8572e-017,-5.3776e-016,-3.1659e-017,-3.322e-016,4.2327e-016,3.9118e-016,-4.4235e-017,-2.8384e-016,-6.9389e-018,5.0307e-017,-1.9364e-016,-3.9725e-016,1.9082e-017,4.6838e-016,2.6975e-016,9.541e-017,4.7705e-017,3.8164e-017,-6.5052e-017,-2.0817e-017,-1.3878e-017,-1.9624e-016,4.3043e-017,4.6404e-017,3.7297e-017,-1.0972e-016,5.4644e-017,8.2003e-018,2.1858e-016
-9.8031e-008,0.00035605,0.00069453,-0.0014814,3.1992e-007,0.00016123,0.00022058,-0.0024994,-0.00018013,-0.013501,0.00049287,-4.0857e-006,0.089857,-0.059999,-4.4693e-005,-0.0063748,-0.03465,-0.03175,0.00013715,-0.016739,-0.021752,2.3023e-005,0.020997,0.009162,-0.00060035,0.016711,-8.2285e-005,-0.0047254,0.016061,0.06253,-0.02188,-0.00013692,0.15211,0.0010318,0.13515,-0.14012,0.003025,0.18237,-0.23102,0.0016031,-0.064388,-0.0037125,-0.092282,0.013503,-0.001045,0.098529,-0.10047,7.1159e-005,0.05492,0.078812,-6.7413e-005,0.0059553,-0.045951,-6.2683e-005,0.14243,-0.00019962,-0.095518,0.073128,0.067842,0.038516,0.034714,-0.11002,0.15935,0.16509,-0.17531,0.12677,0.079701,0.23578,-0.15059,0.065543,-0.35373,0.1829,0.19152,-0.058003,0.062564,-0.052623,0.15614,-0.18218,-0.11007,0.01572,-0.076835,-0.10639,-0.28429,-0.26265,-0.21551,0.025587,-0.11114,-0.0069503,-0.069475,-0.11825,0.15705,4.7176e-013,0.01363
-2.1457e-010,2.302e-006,-1.5745e-006,-0.0015445,3.126e-006,-0.019173,-0.004742,0.00056764,-0.0073166,0.00095991,0.0037094,-6.8074e-007,-0.0021027,-0.012895,2.3255e-005,0.34039,-0.04142,0.017075,0.00085572,-0.17433,-0.020935,-0.000818,-0.12144,0.047133,0.037115,-0.062751,0.00012939,-0.026981,-0.069577,0.032754,0.016784,4.8555e-005,-0.032523,-0.00024681,0.0065219,-0.070273,0.0013161,0.083514,0.10758,-6.9618e-005,0.02195,-0.0001084,-0.067394,0.023512,0.00040383,0.0064885,0.032911,6.3572e-005,-0.0004503,-0.019902,-3.5079e-005,-0.0094263,-0.014983,-1.5573e-005,0.0014175,-1.6254e-005,-0.0068753,-0.0056051,0.0026612,-0.018058,0.0023649,0.068131,-0.12801,-0.043384,-0.20077,-0.031849,0.11486,0.016255,0.095875,-0.13438,-0.23201,0.23041,0.13232,0.18331,-0.42708,-0.18442,-0.35462,0.17506,-0.072355,-0.13483,-0.29181,0.0095499,-0.022624,0.12806,0.041979,0.04162,-0.0098896,-0.049027,-0.076094,0.12512,-0.014242,-4.4879e-014,-0.006508
-1.6077e-007,0.000105,0.0013902,-4.7125e-005,-1.3196e-006,-1.2655e-005,4.4034e-005,-0.0011475,5.8279e-005,-0.0021841,0.00041379,-2.2668e-007,0.14183,0.0090084,6.1185e-005,0.0084936,0.029957,-0.021484,1.0467e-006,0.0025244,-0.039338,2.6589e-005,0.055091,0.061678,0.081688,0.080559,-0.00023006,-0.091335,0.0052702,0.17086,0.036926,-4.8228e-005,0.36401,0.0042481,-0.091786,-0.040819,0.0018867,0.10325,-0.015757,-0.00016414,-0.065804,-0.0013942,-0.041486,-0.044927,-0.00053482,-0.022638,0.029322,-0.00034211,-0.0030099,0.068945,-0.00011742,-0.030211,-0.0050193,0.00010737,0.05666,2.0664e-005,0.012343,0.041693,0.016926,0.066777,0.024001,-0.01859,0.011558,0.12985,0.083791,0.12891,0.10664,0.0035273,0.070041,0.11397,-0.00088541,0.00026082,-0.0090209,0.043417,-0.021727,0.17913,0.12251,-0.31705,-0.32656,0.11253,-0.23579,0.12829,0.28215,0.45318,0.13058,-0.033891,0.065755,-0.089958,0.043057,0.043313,-0.088209,-2.6445e-013,-0.0031332
-9.5298e-009,2.3442e-006,9.7065e-006,-0.00032631,4.0384e-006,-0.0075499,0.015568,-0.001834,0.038406,0.00095723,0.053894,-5.8876e-006,-0.002261,-0.0018321,4.9322e-006,0.016935,-0.00017396,0.0066152,-0.00044336,0.066115,-0.037485,-0.00025725,-0.021156,-0.064526,0.10098,-0.017977,0.00013575,0.012029,-0.032834,0.0061472,-0.0039578,2.9641e-005,0.0035661,0.00023401,-0.031897,0.079351,-0.001266,-0.089953,-0.21864,-9.6969e-005,-0.19301,-0.0056676,0.15817,0.26434,0.0024377,0.049857,0.02389,-0.00041452,-0.077781,-0.019951,-4.2128e-005,-0.041951,0.066844,0.00020202,0.0018881,8.5038e-005,0.03892,0.065493,-0.018261,0.04589,-0.014427,-0.13334,0.19596,-0.27592,0.065075,-0.040796,0.14415,0.04223,-0.21029,-0.023664,-0.28261,-0.1803,-0.28291,-0.17357,-0.089676,-0.032512,-0.019909,-0.027438,0.21416,-0.20932,-0.22555,0.23851,0.18104,0.011506,-0.071637,0.022896,-0.037764,-0.021684,-0.079208,-0.05176,-0.097096,-2.8838e-013,0.24203
-1.4518e-010,1.9668e-006,-1.5481e-006,-0.0013152,2.4739e-006,-0.015762,-0.0066733,0.00043314,-0.01037,0.00082196,-0.00048239,2.3843e-007,-0.001348,-0.012897,2.2442e-005,0.40978,-0.068189,0.018794,0.0001714,-0.048774,-0.020785,-0.00018736,0.018287,-0.13641,-0.025439,0.0040145,-1.0654e-005,-0.036422,-0.040857,0.033361,0.022847,3.5053e-005,-0.013948,-8.1698e-005,0.0045272,-0.040418,0.00072884,0.04751,0.079738,-4.8705e-006,0.046002,0.00103,-0.061588,-0.030438,-0.00013051,-0.0067218,0.017765,0.00010199,0.0092353,-0.014159,-1.3882e-005,-0.00051167,-0.022641,-4.6083e-005,0.0010838,-3.1788e-005,-0.014102,-0.014468,0.0054305,-0.023793,0.004916,0.040843,-0.071901,0.10079,0.034292,0.054463,0.001323,-0.010623,0.033414,-0.36803,0.011307,0.31277,-0.19772,-0.19749,0.49184,0.17744,0.15778,0.1368,0.11666,0.0041174,-0.17456,0.14163,0.020024,0.0010096,0.084556,0.20559,-0.017086,-0.043099,-0.027031,-0.10009,0.017436,5.4206e-014,0.043879
-3.1111e-005,0.98997,-0.13401,0.040354,4.1045e-005,-0.0033274,-0.0017492,0.0080151,0.00065011,0.010534,-9.8539e-005,2.4983e-006,-0.0012554,-0.0026961,6.5049e-006,0.0018075,0.010555,-0.00096583,2.3554e-005,0.0012976,-0.0031898,3.4151e-005,0.0015226,0.0011301,-0.001558,-0.00040756,4.8217e-006,0.0025848,-0.0024029,-0.00094875,5.2261e-005,-1.1119e-006,0.00040565,-4.1461e-007,-0.00052241,-0.0036147,-3.0507e-005,-0.0019996,-0.00084396,-1.1823e-005,-0.00076635,4.3453e-006,-0.0007059,0.00017886,2.1996e-005,-0.0029945,-2.6461e-005,1.015e-006,-0.00026105,-0.00037546,-1.2028e-006,0.00014025,-0.0014586,-1.8182e-006,-0.00019688,-1.4867e-006,-0.00072057,0.00041141,0.00071512,-0.0004407,0.00028537,6.8169e-017,1.1449e-016,4.8572e-017,5.5511e-017,-1.1102e-016,6.9389e-017,1.3878e-017,-1.3878e-016,-5.2042e-018,4.5103e-017,7.6328e-017,-5.2042e-017,0,-6.8738e-017,-2.0817e-017,-6.9389e-018,1.3878e-017,-8.3267e-017,2.7756e-017,-4.8572e-017,4.6838e-017,-2.0058e-017,-2.949e-017,-2.3419e-017,1.5613e-017,0,1.648e-017,5.2042e-018,-2.2551e-017,2.7756e-017,-2.8098e-019,8.2399e-017
-8.8261e-007,0.0057686,0.0054584,-0.0042829,-8.9869e-006,0.00055385,0.0004952,-0.0022078,-0.00053302,-0.01342,0.00029792,-1.0164e-005,-0.0017216,0.028858,-0.00010212,-0.031979,-0.23678,-0.054662,-0.00046036,-0.054153,0.06394,-0.0015759,-0.091449,-0.048969,0.19742,0.18593,-0.00047994,-0.40121,0.19941,-0.37487,-0.069297,-5.8476e-005,0.0040973,0.00052193,-0.35758,-0.10405,-0.00084165,-0.023214,-0.014487,0.0022642,0.35622,0.0067563,0.016028,0.19846,0.0024078,0.13766,-0.044886,-0.0012541,-0.12325,0.13353,0.00098319,0.28795,0.054692,0.00019198,0.21462,-6.173e-005,-0.052729,0.023032,0.074216,0.023543,-0.0073388,-4.7537e-016,-1.6844e-015,-1.3184e-016,2.7756e-017,1.3531e-016,5.6205e-016,4.944e-016,-3.8511e-016,3.0271e-016,1.3878e-017,2.8189e-016,-3.8164e-017,-2.2898e-016,4.3542e-016,-3.0184e-016,1.6306e-016,-6.245e-017,1.301e-016,-2.3592e-016,-1.7e-016,-1.1102e-016,-3.4868e-016,-4.146e-016,-1.9342e-016,-6.8305e-018,-3.4694e-017,2.9924e-017,-3.9899e-017,-1.2143e-016,1.2143e-016,-1.2201e-017,-5.0307e-017
-4.034e-008,0.0012959,-0.0003275,-0.0056455,3.3877e-006,0.00075819,0.00061492,-0.004124,-0.00039515,-0.011731,-4.0606e-005,1.263e-006,-0.0064009,0.013117,-5.7216e-007,-0.0016928,-0.01955,-0.030625,6.3877e-005,0.0081326,-0.05627,-0.00011807,-0.050099,-0.01522,-0.05872,-0.017923,3.129e-005,0.04136,0.017563,0.051035,-0.043555,-8.8214e-005,0.081328,0.00069863,-0.019638,-0.041353,-0.000578,-0.031523,0.18639,-0.0012428,-0.076313,-0.00059425,0.3939,-0.18332,-0.0050048,0.5706,0.12948,-0.00042912,-0.091543,-0.059683,0.00045258,0.20551,-0.28046,-0.0010387,-0.24903,-0.00046326,-0.2186,0.24332,0.04132,-0.038045,0.30921,-1.8041e-016,1.2395e-015,1.3878e-016,-4.3021e-016,2.5466e-015,-2.9143e-016,5.6899e-016,0,-3.3307e-016,9.1593e-016,-4.4409e-016,-1.8041e-016,2.7756e-016,0,1.3878e-017,-7.1124e-017,8.3267e-017,-9.0206e-016,3.8164e-016,-2.3939e-016,2.5674e-016,-2.1858e-016,-4.996e-016,5.5511e-017,3.4694e-016,-9.541e-017,-9.194e-017,6.9389e-017,3.1225e-016,6.9389e-017,1.0051e-017,1.7503e-015
-0.00035773,5.3735e-008,2.8391e-006,-6.7824e-007,0.010139,2.6327e-006,-2.4858e-006,7.04e-005,2.8985e-006,-2.8722e-005,7.5048e-006,0.036433,9.1113e-006,-3.2209e-005,0.11838,-3.7411e-005,-0.00019742,0.00021852,0.032105,0.00011218,-6.1712e-005,0.074023,-0.00045519,-0.00016536,0.00029671,-0.00036201,-0.2688,6.1635e-005,-7.4915e-005,-8.1581e-006,0.00016147,-0.17999,0.00013731,-0.039178,-0.00040869,0.00034146,-0.668,0.012525,-0.00080798,-0.083018,-0.0065042,0.26364,-0.001119,0.0028494,-0.089135,0.00071278,0.00026599,0.35758,-0.00074208,0.0015615,0.31771,-0.00074521,-0.0005951,0.28044,-0.00033419,0.1834,-0.00054175,3.1692e-006,4.8486e-006,4.2769e-006,-1.7283e-006,-3.8199e-015,-1.733e-015,-2.3766e-016,8.5348e-016,-5.395e-016,5.7246e-016,4.198e-016,3.3307e-016,3.0184e-016,-1.3878e-016,1.4572e-016,-3.1572e-016,2.8016e-016,-1.3878e-016,5.2042e-017,2.1164e-016,8.3267e-017,2.7148e-016,-3.4694e-017,-1.4225e-016,0,-6.245e-017,-6.245e-017,6.5919e-017,1.5352e-016,4.7705e-017,-2.6715e-016,1.5959e-016,-2.0513e-016,-1.7347e-018,-1.3703e-018,6.4055e-016
-0.0084447,-5.5622e-007,8.4565e-007,-2.8302e-006,0.028047,5.0743e-006,2.6646e-006,-0.00016926,-1.0185e-005,9.9266e-005,-1.8542e-005,0.1306,-8.4133e-005,-0.00044194,0.33051,-1.4061e-005,0.00017471,-0.00035833,0.14901,0.0017414,0.00098401,-0.66595,0.0028799,0.00090714,-0.0014542,0.0009221,0.19461,0.00056599,-0.001152,-0.00029124,-0.00092418,0.32657,0.0015815,-0.15435,-0.0005095,0.00010696,0.031694,0.00038807,-0.00014428,0.0092258,-0.0037921,0.13154,-0.00027606,-0.00073474,0.14253,0.0012399,6.1851e-006,0.21813,-0.00013373,0.0010756,0.17215,-0.00028891,-0.00017719,0.11817,-9.0421e-005,-0.32997,0.00059945,1.955e-006,-3.8709e-006,-1.5835e-006,6.6076e-007,-2.4841e-015,-7.043e-016,7.0083e-016,3.4694e-016,-2.5674e-016,2.5674e-016,5.5511e-017,9.7145e-017,2.7756e-017,0,-8.3267e-017,-1.0408e-016,-1.3878e-017,-4.3715e-016,-3.747e-016,-1.1796e-016,2.498e-016,1.1796e-016,-5.5511e-017,-1.3878e-017,-1.249e-016,2.7756e-017,0,-7.6328e-017,-7.2858e-017,-8.6736e-018,-6.5919e-017,-2.0817e-017,9.3675e-017,-7.6328e-017,-3.5064e-017,5.4817e-016
-7.2143e-007,0.0093877,0.0019867,-0.019563,1.0838e-005,-0.005327,0.0067689,-0.019683,-0.01706,-0.080637,0.0030649,-1.0669e-005,0.015032,-0.026235,-0.00029046,-0.093663,-0.58387,-0.38909,-5.488e-005,-0.03955,-0.099297,-0.0015328,-0.12416,-0.058511,0.092164,0.004352,-0.0002191,0.15653,0.18487,0.21815,0.089077,0.000242,-0.042795,7.6789e-005,0.098518,0.14979,0.001976,0.10207,-0.050492,-7.4319e-005,0.0075696,0.0010239,0.069314,-0.10341,-0.0008868,-0.071999,0.32239,0.00063311,0.065311,-0.16703,0.00077615,0.13281,0.029052,8.165e-005,0.12282,2.2244e-005,0.0087655,-0.16165,-0.25095,0.10103,-0.023497,-8.3267e-017,-1.3878e-016,1.6653e-016,-5.9674e-016,-2.7756e-017,6.9389e-017,-3.8858e-016,5.5511e-017,-4.1633e-016,1.9429e-016,4.1633e-017,1.1102e-016,-6.3838e-016,6.9389e-017,3.0878e-016,-1.8908e-016,2.6368e-016,-5.5511e-017,1.6653e-016,9.7145e-017,5.5511e-017,1.8041e-016,2.3592e-016,2.0123e-016,-3.1225e-017,3.4694e-018,4.0115e-017,-2.4286e-017,6.9389e-017,-1.0408e-016,-1.8786e-017,1.7e-016
-4.6717e-007,0.0014359,0.0027765,-0.0026961,2.1244e-005,-0.0058126,0.0063939,-0.024845,0.017145,-0.039647,0.049847,1.3726e-005,0.14534,0.075986,1.3978e-005,-0.018977,-0.068184,-0.029846,0.00012175,-0.017215,-0.0282,0.0001369,0.0086004,-0.02773,-0.098958,-0.0032688,-0.00016972,-0.19367,0.036998,-0.047435,-0.11091,-0.00019814,-0.035176,-0.0019538,0.37699,-0.3169,-0.0028903,-0.18275,0.17159,-0.0021593,-0.075416,0.0030271,0.19799,-0.10207,-0.00012875,-0.10425,0.26097,-0.0021933,-0.14311,0.20079,0.00013021,-0.043622,0.12964,0.00012251,-0.023641,-9.9729e-005,-0.040803,0.26421,0.11524,0.20367,-0.49973,5.8287e-016,-2.6645e-015,-9.7145e-016,1.0408e-015,-3.2613e-015,6.4185e-016,-1.0617e-015,-4.3715e-016,1.1068e-015,-1.1102e-015,1.5266e-016,-3.747e-016,-1.8215e-016,2.0817e-016,0,0,-2.1511e-016,5.8287e-016,1.1102e-016,9.5757e-016,-2.7756e-016,3.2613e-016,1.6653e-016,-2.7756e-016,-5.7246e-016,2.498e-016,3.747e-016,-1.4832e-016,-4.3021e-016,3.8164e-017,2.9749e-017,-2.7192e-015
-7.8718e-008,0.0038966,-0.0010215,-0.014085,2.0833e-006,-0.0066109,0.002893,-0.0016366,0.0047193,-0.0070421,0.029904,-4.518e-006,0.014495,-0.01683,-3.9567e-005,-0.043602,-0.050426,-0.0080171,0.00027869,-0.080211,-0.027614,-2.015e-005,0.018939,-0.024011,-0.36134,-0.060579,-0.00041446,-0.069844,0.076659,-0.0042235,0.31488,0.00041287,0.1109,0.0023414,0.13604,0.13751,0.006078,0.35773,0.14399,0.00076987,0.15765,0.0038441,0.22259,0.096972,0.00056515,0.22144,-0.30481,-0.0010348,-0.26178,-0.088013,0.00016113,-0.097549,0.41207,0.00094139,-0.035149,0.00052345,0.23679,-0.018791,-0.026352,0.040212,-0.041004,-2.2898e-016,2.7756e-017,4.9613e-016,-1.0512e-015,7.3552e-016,-4.4929e-016,-1.4919e-016,4.6491e-016,2.4286e-016,-1.1102e-016,6.9389e-018,-1.3531e-016,-7.2858e-017,3.4694e-017,-1.9429e-016,-3.1919e-016,1.9429e-016,2.6368e-016,-1.8475e-016,-8.3267e-017,1.4572e-016,2.0817e-016,3.0531e-016,4.8572e-017,-7.2858e-017,1.3878e-017,-1.3878e-017,8.3267e-017,1.3878e-016,-5.0307e-017,1.3654e-017,-1.6003e-016
-3.4835e-008,0.0018652,-0.00047583,-0.0069131,-3.6445e-007,0.00093648,0.00068795,-0.0010619,-0.00047965,-0.012221,0.00063686,-4.023e-006,0.02511,-0.036693,-0.00012982,-0.035571,-0.24042,-0.09931,-0.00038851,-0.039075,-0.046225,-0.0013867,-0.14041,-0.063954,0.041451,0.10823,-0.00036042,-0.012,0.14867,-0.24011,0.23713,0.00023932,0.069254,0.0011379,0.11329,-0.057186,0.00048683,0.004294,-0.079809,-0.0010136,-0.19828,-0.0043859,-0.22589,-0.045929,0.00012188,-0.10091,-0.073336,0.00018409,-0.028067,-0.018957,-0.00068511,-0.09692,-0.19252,-2.9333e-005,-0.24954,0.00060418,0.31168,0.26975,0.28132,-0.24288,0.099127,-0.02233,0.28758,0.045726,-0.10989,0.073503,-0.081082,-0.13182,0.082333,-0.10927,0.044514,-0.081875,-0.096874,0.067321,-0.024557,0.051937,-0.084203,0.067118,-0.031723,0.049122,0.021105,-0.023274,-0.0012515,0.012023,-0.0010281,0.0080901,0.0066074,-0.022484,0.0041992,-0.0089493,-0.015927,-4.7399e-014,0.018364
-1.9286e-006,0.0075583,0.012266,-0.0079196,3.2492e-005,-0.0017524,0.0022004,-0.049157,-0.00092686,-0.025687,-0.0051261,7.0278e-005,0.32277,0.2485,-6.0237e-005,-0.025158,-0.17842,0.44571,-0.0012274,-0.098566,-0.062119,-0.00049315,0.17971,0.072895,0.11315,0.0019448,-0.00020097,0.061062,0.14665,0.18498,-0.14566,0.00016776,-0.28669,-0.0022622,-0.059023,0.34159,0.0035762,0.19311,-0.023517,-0.00056558,-0.085119,-0.0022523,-0.086461,-0.10325,-0.00077057,-0.013827,0.040691,-0.0010007,-0.17311,-0.0024937,0.00067491,0.13618,0.12173,0.00035372,0.044774,-0.00012079,-0.078773,0.1458,0.26499,-0.15377,-0.027814,5.5511e-016,-2.498e-016,-1.4919e-016,7.7716e-016,-8.0491e-016,4.3021e-016,4.8225e-016,-4.1633e-016,7.5634e-016,-4.1633e-016,1.6653e-016,5.5511e-017,5.5511e-016,6.9389e-018,-1.8735e-016,2.0123e-016,-2.2204e-016,-1.8041e-016,-9.8879e-017,2.0817e-016,-1.249e-016,-5.8981e-017,-2.7756e-016,-1.8041e-016,-8.8471e-017,0,1.3878e-016,-3.6429e-017,0,4.8572e-017,-1.3468e-017,7.8063e-017
-3.7833e-010,1.056e-006,1.3352e-006,-0.00091763,4.277e-006,-0.021104,0.037835,0.0033994,-0.031012,0.0014674,-0.016053,1.5738e-006,0.00049625,-0.0024956,1.5133e-005,-0.12149,0.096866,0.026853,0.0016638,-0.26942,-0.11731,-0.0011703,-0.043504,-0.52821,0.16335,0.14545,0.00022296,0.0088012,-0.18878,0.065661,-0.022547,-6.6655e-005,-0.010865,-0.00047219,0.073363,-0.047448,0.0014616,0.098561,0.14927,0.00036504,0.20371,0.0062658,-0.078139,-0.25682,-0.0024467,-0.029691,-0.079959,0.00026293,0.03209,0.0011751,-2.2244e-005,0.0016569,-0.0055379,-3.0092e-005,-0.0064188,-8.0067e-006,-0.0040338,-0.017056,0.0052868,-0.027396,0.0078935,0.012285,-0.021329,0.0093227,0.079164,0.27032,0.13263,-0.12191,-0.071855,0.32456,-0.052168,-0.1717,-0.11926,-0.15064,-0.022106,-0.091475,-0.083769,0.13457,0.0164,0.0041555,-0.085703,0.045998,-0.032327,-0.044668,-0.010213,0.099445,-0.030202,-0.043023,0.0045395,-0.010878,0.027713,8.3257e-014,-0.031083
-0.0025979,-3.0552e-007,-1.3561e-006,-2.873e-007,0.0049958,1.3132e-006,-1.3145e-006,3.8081e-005,1.6087e-006,-1.6351e-005,4.3291e-006,0.022934,1.4485e-005,2.0217e-005,-0.00098773,-2.7374e-006,-3.6295e-005,8.7131e-005,0.084194,0.00073683,0.00031931,-0.21219,0.00098299,0.00033476,-0.00055697,0.00042986,0.13733,0.00025478,-0.00053282,-0.00026536,-0.0011722,-0.23038,-0.0048683,0.5191,0.0019798,-0.00073667,-0.2002,0.0024008,-0.0014623,-0.36839,0.0097903,-0.34751,0.0016421,-0.0062201,0.38397,0.0010018,-0.0007135,-0.31957,0.0023841,-0.00075179,0.21752,-0.00069892,-0.00038616,0.10844,-0.00014853,0.023768,-9.4807e-005,3.5739e-006,-1.5196e-006,8.9355e-007,-3.5083e-007,-4.6838e-017,1.9516e-016,-3.5996e-016,9.8879e-017,4.2501e-016,5.0112e-016,-3.0791e-017,-1.7e-016,2.9837e-016,-2.472e-016,7.2858e-017,2.6715e-016,1.0408e-016,2.2898e-016,3.721e-016,-1.6653e-016,1.6306e-016,6.9389e-017,1.1883e-016,4.9223e-016,2.537e-017,-5.4427e-017,-3.296e-016,-3.1225e-017,9.541e-017,-2.949e-017,-1.2143e-017,1.3238e-016,1.1948e-016,-6.0932e-017,-1.2975e-017,1.3113e-015
-0.0046464,4.1602e-006,6.8839e-005,-4.0517e-006,0.048277,1.2741e-005,-1.2098e-005,0.0003436,1.3903e-005,-0.00012962,3.2106e-005,0.096502,1.436e-005,-1.4365e-005,0.35718,-0.00014446,-0.00088337,0.0012636,0.26355,0.0013471,-7.7851e-005,0.21972,-0.0013865,-0.00043257,0.00072867,-0.00051776,-0.098181,-0.00038301,0.00075403,0.00045397,0.0015552,0.062038,0.0031754,-0.31188,-0.00070132,-8.5465e-005,0.35911,-0.0057901,-0.0012604,-0.40162,0.0070463,-0.18515,0.0002623,0.0004823,-0.088359,-0.0005122,-0.000258,-0.043646,-8.7402e-005,0.00037791,0.44303,-0.0017028,-0.00035833,-0.11012,3.3691e-005,0.29917,-0.00047839,1.7786e-006,-2.8909e-006,-6.5076e-007,2.8467e-007,2.4425e-015,1.6289e-015,7.6328e-016,2.7756e-017,6.9389e-017,6.245e-017,4.7878e-016,-3.3307e-016,-1.249e-016,-1.6653e-016,3.0531e-016,1.6653e-016,2.897e-016,1.7e-016,2.498e-016,6.245e-017,4.8572e-017,-9.7145e-017,1.3878e-016,5.5511e-017,-9.7145e-017,-5.5511e-017,1.249e-016,2.0123e-016,2.1511e-016,-1.6653e-016,-6.5919e-017,1.1102e-016,-3.4694e-017,-1.3878e-017,-1.4418e-017,1.1636e-015
-2.5559e-007,0.0019886,0.00080037,-0.0078123,1.6856e-005,0.00087033,0.0012986,-0.020295,-0.0016028,-0.047784,-0.00083316,1.0949e-005,-0.0034652,0.062528,-3.5704e-005,-0.0060907,-0.074247,0.093792,-0.00039345,-0.035796,0.26089,0.00044116,0.038821,-0.025618,0.061636,-0.0078776,0.00028758,0.23332,-0.17769,-0.094007,0.18744,-2.819e-005,0.22937,0.0023869,0.04801,-0.024488,0.0012347,0.079762,-0.15658,0.0017326,0.086364,0.00084866,-0.1367,0.12564,0.0015454,0.0091597,0.12892,-0.0012431,0.013697,0.19831,0.0014699,0.36889,0.19801,-0.0011425,-0.54953,-0.00043552,-0.22383,-0.14077,-0.04738,-0.063469,-0.18864,-5.3776e-016,-3.1919e-016,1.9429e-016,-3.6082e-016,-3.4001e-016,-3.747e-016,-4.3021e-016,6.1062e-016,-5.2736e-016,-4.4409e-016,-1.0408e-017,9.7145e-017,-5.4123e-016,-2.0817e-016,-2.6368e-016,-8.3267e-017,-3.1919e-016,3.1919e-016,-1.249e-016,1.8041e-016,-1.4919e-016,-1.8041e-016,-2.7062e-016,-2.7409e-016,-1.1796e-016,1.3878e-016,0,-5.2042e-017,7.6328e-017,6.5052e-018,7.1107e-018,-4.1807e-016
-0.025343,3.6808e-005,0.00066266,-8.2352e-005,0.97415,0.00022982,-0.00013263,0.0026282,5.633e-005,-0.0003831,3.8703e-005,-0.21883,6.589e-005,0.00011248,-0.041026,-3.5109e-006,-5.0384e-005,4.1693e-005,0.0013262,1.4279e-006,7.271e-006,-0.011381,8.2028e-005,3.0022e-005,-5.2403e-005,4.2602e-005,0.010049,3.3389e-005,-6.7437e-005,-3.5005e-005,-0.00012474,0.012448,-8.995e-005,0.0088675,1.348e-005,2.5105e-006,-0.0041827,0.00012628,-1.0186e-005,0.00038592,-0.00036753,0.01469,-6.1608e-005,0.00014768,-0.0037195,4.7186e-005,-1.6871e-006,0.00072033,6.5672e-005,-1.6587e-006,-0.00244,2.2948e-005,-9.2967e-006,0.0093166,-6.0791e-006,-0.00018426,-2.549e-006,-1.2564e-007,8.0611e-008,-4.9758e-008,2.2571e-008,-6.3838e-016,-2.3592e-016,-7.4593e-017,-6.9389e-018,-1.7347e-017,-8.3267e-017,-2.7756e-017,8.3267e-017,7.6328e-017,-1.3878e-017,-6.9389e-018,6.245e-017,-5.5511e-017,1.3878e-017,-1.9082e-017,6.9389e-018,-1.3878e-017,2.949e-017,-1.7347e-018,3.8164e-017,-3.4694e-018,1.3878e-017,2.0817e-017,-4.3368e-018,-5.2042e-018,8.6736e-018,-5.6379e-018,4.6621e-018,4.3368e-018,-9.3241e-018,-2.7758e-020,-1.3661e-016
-2.7589e-009,1.2063e-005,4.6684e-006,-0.002623,7.4154e-006,-0.036509,0.034158,0.0024308,-0.00075761,-0.0018009,-0.0075932,-1.5392e-006,0.0027365,0.0068239,2.1533e-005,-0.078279,0.071874,0.054151,0.0016333,-0.33142,-0.10584,-0.0017848,-0.15569,-0.17453,0.096575,-0.12461,0.0002172,-0.081706,-0.10111,0.0063641,0.022003,-5.602e-005,0.11954,0.0010823,0.045895,0.19283,-0.0036611,-0.23924,-0.3622,0.0006218,0.067922,0.0051495,0.20236,-0.13538,-0.001045,-0.06902,-0.09418,-0.00030008,-0.057487,-0.019943,0.0001277,-0.00039862,0.034996,5.9303e-005,0.0022267,-3.0237e-005,-0.014161,0.050215,-0.0075824,0.020498,-0.001686,-0.048164,0.043584,-0.15362,-0.019507,-0.099241,-0.027773,0.079628,-0.12814,-0.37385,0.27226,0.023109,0.18428,-0.044971,-0.03604,0.0092511,0.020775,-0.11394,-0.14273,-0.0014589,-0.098852,0.0036983,-0.067353,-0.0021021,0.034423,0.0015752,-0.0018362,0.016764,-0.01684,0.018246,0.020173,5.9763e-014,-0.27101
-0.00042373,8.2525e-007,5.6752e-006,-3.3629e-006,0.0085653,-3.534e-006,2.2901e-005,-0.00089333,-4.5243e-005,0.00044752,-0.00010059,-0.0074879,-0.00027241,-0.00072652,0.018215,0.00015654,0.0012526,-0.0015459,-0.1504,-0.00034648,0.00028122,-0.17694,0.00033014,-2.7085e-005,0.00013012,-0.00027738,-0.037441,-0.00049824,0.001016,0.00067342,0.0027365,-0.066045,0.0027409,-0.2562,-0.00032432,5.9433e-005,-0.13377,-0.0011695,0.0015408,0.24127,0.018949,-0.80114,0.003049,-0.0036619,-0.2866,-0.0064782,0.0011141,0.094474,-0.0086181,-0.00019587,-0.02732,-0.0014919,-0.00018771,0.25146,-0.0019211,0.026345,-0.0025178,0.0002734,0.00012753,0.00067028,-0.00043195,1.7143e-015,4.545e-016,-3.2526e-017,-2.7756e-017,3.4694e-017,1.3531e-016,4.1547e-016,-4.0246e-016,4.8572e-017,2.2551e-016,1.0755e-016,1.4919e-016,3.8858e-016,-3.8164e-016,-3.9899e-017,-1.726e-016,8.6736e-017,8.3267e-017,-5.7246e-017,-1.8475e-016,6.9389e-018,6.5052e-017,7.8063e-017,3.296e-017,-1.0408e-017,-3.6429e-017,2.949e-017,1.7998e-017,4.1633e-017,4.8572e-017,-3.2564e-018,-2.0546e-017
-9.0023e-005,0.0081905,0.019264,-0.008568,0.0027968,-0.012856,0.035212,-0.97199,-0.028351,0.21385,-0.032196,0.00043214,-0.02242,-0.034732,-0.0001697,0.0053176,0.034432,-0.024908,0.00079063,0.0083477,0.003661,0.00062573,-0.011275,-0.0052831,0.0096117,-0.0073785,8.4508e-005,-0.0092954,0.018403,0.007337,0.022299,0.0001413,0.0028631,0.00048439,0.0035668,-0.0014824,-1.29e-005,-0.0087023,0.00091458,-0.00015756,0.0069314,0.00070891,-0.0015245,0.0052564,0.0001769,0.0083018,-0.0017116,7.0361e-005,0.020236,0.00093318,1.7844e-005,0.0057021,-0.00028978,-8.2549e-005,0.0063539,1.4754e-005,0.0095029,-0.0012652,-0.00059139,-0.0033113,0.0021609,4.1633e-017,1.1102e-016,-5.5511e-017,-9.0206e-017,2.7756e-017,1.0061e-016,5.5511e-017,1.6653e-016,6.9389e-017,-6.9389e-017,2.6021e-017,1.9429e-016,-1.6653e-016,1.3878e-017,2.7756e-017,-6.9389e-018,-2.4286e-017,1.3878e-017,-2.7756e-017,1.3878e-016,0,1.3878e-017,-4.1633e-017,-7.2858e-017,0,1.3878e-017,1.3878e-017,-1.2143e-017,-1.3878e-017,-4.8789e-018,6.2935e-019,-2.472e-016
-5.0569e-009,6.119e-006,4.4309e-006,-0.00068285,3.2642e-006,-0.011718,0.012115,0.00045919,-0.028374,0.00032673,0.0058712,1.7433e-006,0.00050501,0.0071437,-2.8746e-005,-0.02375,-0.075596,-0.028993,-0.001182,0.17173,0.051611,0.00018966,-0.043911,0.090714,-0.0076388,-0.016945,4.4167e-005,-0.061213,-0.12654,0.20138,0.13194,0.000413,-0.21376,-0.00092044,-0.15858,-0.17392,0.00026258,0.0048033,-0.086059,-0.00024592,-0.066665,0.00038603,0.099114,-0.17911,-0.0023339,-0.09134,-0.28077,-9.3681e-005,0.025688,0.088909,0.00056307,0.14712,0.081966,-0.00016562,-0.027099,-0.00013454,-0.072397,0.026066,0.0021625,0.1911,0.035891,-0.014871,0.1338,0.066026,0.062759,0.16379,-0.14489,0.23645,-0.045308,-0.13379,-0.10471,-0.14622,-0.14013,-0.005172,-0.083826,0.14711,-0.24611,0.077181,0.14266,0.15225,0.044087,0.017164,-0.098292,0.1771,0.17032,0.046945,-0.031807,-0.05845,0.12808,0.033435,0.31535,9.4049e-013,-0.10568
-3.5672e-007,0.001028,0.0019557,-0.003241,2.1097e-005,0.00016957,0.0010217,-0.024868,-0.001452,-0.044894,-0.00080783,2.1137e-005,0.099586,0.056153,-6.9684e-005,-0.012657,-0.12691,0.089974,-8.0852e-006,-0.05795,-0.24862,1.8894e-006,0.15365,0.14031,0.10462,0.22929,-0.00042469,-0.057646,-0.026156,-0.12507,0.20805,0.00013528,-0.069738,-0.0011108,0.2205,-0.1674,-0.0031435,-0.1952,0.047908,-0.001025,-0.015366,0.0026299,0.060888,0.037959,0.0015368,-0.096919,0.026372,-0.001581,-0.10287,0.18598,-0.0006886,-0.27496,0.24187,0.00018169,-0.012589,-0.00063076,-0.32225,-0.18181,-0.17403,-0.15496,0.46579,-3.6082e-016,2.7374e-015,1.249e-016,-6.9389e-016,2.9698e-015,-3.4001e-016,3.7904e-016,2.6021e-016,-1.138e-015,1.138e-015,-2.8449e-016,3.6082e-016,-4.8572e-016,-2.498e-016,7.546e-017,-4.5797e-016,4.3021e-016,-7.9103e-016,4.4756e-016,-5.1348e-016,4.1633e-016,-1.249e-016,-1.1102e-016,2.2551e-016,5.6899e-016,-2.0123e-016,-3.8684e-016,2.1164e-016,2.7062e-016,-1.3878e-017,-5.4859e-018,2.7506e-015
-4.5202e-009,3.6553e-006,5.3437e-006,-0.00037747,2.3537e-006,-0.006036,0.0057021,-0.0010446,0.0041175,-0.0010504,0.050255,-5.8779e-006,-0.0011692,-0.0011602,-3.4769e-006,-0.019573,0.0032164,-0.020329,0.00085929,-0.1198,0.088158,0.00076245,0.11199,0.04153,-0.24337,0.10563,-0.00043623,-0.035492,0.10052,0.033697,0.050832,5.6004e-005,-0.027033,-0.00010244,-0.054261,-0.039185,-0.00023511,-0.0054397,0.1213,-0.00023473,0.038163,0.00085984,-0.1094,-0.10923,-0.001202,-0.017748,0.05085,0.00032425,0.087112,0.047032,-1.4895e-005,0.039424,-0.082502,-0.00019152,0.0052291,-3.6729e-005,-0.014924,-0.080737,0.016207,-0.057748,-4.4851e-005,-0.059874,0.12316,-0.032374,-0.021895,-0.25038,-0.48384,-0.056636,-0.19831,0.036325,-0.10465,-0.034373,-0.10036,-0.30883,0.052278,-0.34262,0.040705,-0.11722,-0.052109,-0.19046,-0.22512,-0.062991,-0.080202,0.19384,0.067964,-0.079421,-0.026822,-0.036731,0.049601,0.066398,-0.022814,-6.9874e-014,-0.161
-5.9082e-007,0.0032553,0.0025755,-0.0074286,3.5938e-005,-0.0048688,0.0074291,-0.039692,-0.015856,-0.071989,0.0011747,3.4696e-005,0.017422,0.11861,-0.00015664,-0.041429,-0.28284,0.099757,-0.0013287,0.090158,0.010508,-0.00036205,-0.31111,-0.0084978,-0.21353,0.19699,0.00024353,0.25519,-0.19183,0.044781,-0.10624,-0.00042008,0.22557,0.001645,-0.19909,-0.11703,-0.00292,-0.15649,0.058197,-0.00017677,0.020939,0.00071623,0.11666,0.035451,0.00017678,0.0135,-0.15738,0.0012793,0.038361,-0.2364,-0.00057474,-0.24249,0.042691,1.4192e-005,0.13269,-0.00054317,-0.25315,-0.13573,0.27607,-0.25019,-0.2298,4.9266e-016,-3.0531e-016,-1.3878e-016,6.6613e-016,-1.5092e-015,6.3838e-016,-2.7756e-017,-2.498e-016,9.992e-016,-6.6613e-016,2.498e-016,2.3592e-016,2.9143e-016,-1.6653e-016,-2.2031e-016,2.6368e-016,-4.3021e-016,-5.5511e-017,1.7347e-016,3.0531e-016,-1.249e-016,1.249e-016,-6.9389e-017,-3.4001e-016,-2.4807e-016,1.1102e-016,-3.4694e-018,-2.0817e-017,-3.5215e-016,-2.7756e-017,-2.3108e-017,-9.3849e-016
-3.1184e-010,2.0285e-006,-4.4373e-007,-0.0014589,4.0816e-006,-0.022771,0.014598,0.0021181,-0.032926,0.0014982,0.0047955,-4.1564e-007,-0.00045551,-0.0038998,9.7192e-006,-0.00015586,0.025452,0.0054954,-0.00053091,0.12297,-0.0082186,0.00057578,0.067054,0.14561,0.027708,-0.03794,-2.1287e-006,0.10481,0.18708,-0.25419,-0.16402,-0.00046427,0.23892,0.0010346,0.18012,0.2252,-0.001447,-0.082579,-0.057249,0.00064218,0.16352,0.005045,0.023855,-0.097771,-0.00066615,0.0087767,0.052473,5.7601e-005,-0.010818,-0.031695,-0.00026413,-0.072704,-0.018881,0.00011591,0.0090297,8.5652e-005,0.043959,-0.00017835,-0.0042976,-0.085181,-0.017978,0.034771,-0.15489,0.10541,0.041399,0.05493,0.093898,0.23928,0.18938,-0.039003,-0.25528,-0.19376,-0.026736,-0.43327,0.017369,0.14057,-0.25274,0.10352,-0.0090817,-0.018137,0.020079,-0.12061,-0.035322,0.084755,0.047039,0.057466,-0.070834,-0.018562,0.011545,0.091006,-0.033189,-1.0123e-013,-0.18955
-2.409e-007,0.00043905,0.0019635,-0.0012064,-2.2135e-006,0.00012456,0.00018231,-0.0020176,-6.5368e-005,-0.011701,0.000595,-4.5706e-006,0.087731,0.053688,7.7186e-005,0.0052922,0.0022668,-0.03413,-9.9264e-005,0.0029103,-0.025808,-0.00029204,-0.050862,-0.018142,-0.046027,0.015808,-2.177e-005,0.084334,0.0099991,-0.12536,0.11493,0.00013023,-0.22954,-0.0026992,0.16189,0.034865,-0.0012813,-0.067279,-0.04602,0.00069437,0.036118,-0.00048128,-0.077015,0.078992,0.00038099,0.10509,-0.16898,0.00065084,0.037277,-0.059974,-1.0908e-005,0.051339,-0.14963,-0.00040225,0.026779,-0.00021609,-0.099445,0.015982,-0.048139,0.037512,-0.094595,-0.11013,0.13698,0.13869,-0.11854,0.071696,0.080973,0.20142,-0.0077239,0.18412,0.22735,0.20937,0.10739,-0.14582,0.027518,-0.12677,0.0072516,-0.097352,0.15649,0.0081968,0.10446,0.15774,0.26049,0.15327,0.082911,0.10362,-0.16589,0.09942,-0.22906,0.43389,-0.0079826,-3.2629e-014,0.0014165
-4.4641e-010,2.3442e-006,-2.3237e-007,-0.0016565,4.778e-006,-0.025411,0.017552,0.0015147,0.034835,0.00078255,-0.035185,2.172e-006,-0.0029647,-0.015373,1.8794e-005,0.38293,-0.066333,0.0026254,0.00013367,-0.02582,0.0084369,0.00013361,0.04894,-0.10188,-0.052726,0.057052,-0.00011372,-0.020313,-0.0058802,0.052348,0.036371,9.6765e-005,-0.043035,-7.208e-005,-0.067183,0.0039144,-0.00044328,-0.031537,-0.064817,-0.00032977,-0.17117,-0.0058468,0.048204,0.22949,0.0020541,0.051166,0.078435,-0.00017918,-0.022724,0.0019917,-8.6335e-005,-0.025416,0.011554,8.9467e-005,0.0055205,6.8978e-005,0.03308,0.014042,-0.0082612,0.0041178,-0.015186,-0.040826,0.052137,-0.090896,0.1001,-0.022517,0.093629,0.021919,0.041375,0.21909,0.27974,-0.28675,0.19578,-0.14517,0.10682,0.04829,-0.085466,-0.020104,-0.17085,-0.040558,-0.078623,-0.29016,-0.34715,0.052226,0.16038,0.13739,0.026921,-0.042307,0.011139,0.15656,0.14429,4.2742e-013,0.23056
-7.4533e-008,0.00013398,8.0704e-005,-0.035126,0.00012644,-0.5843,0.62484,0.046245,-0.49417,0.011452,0.056416,-2.664e-006,0.00045155,-0.0015241,6.6463e-006,-0.024264,0.018514,0.0034884,-0.00023195,0.048606,-0.0049458,0.00018284,0.02622,0.0053501,-0.00011904,0.00045083,-1.062e-005,0.010807,0.021859,-0.015561,-0.0062483,1.6156e-006,-0.0046225,-2.7808e-005,-0.0061093,-0.013164,0.00026058,0.01621,0.019722,-9.2688e-005,-0.027224,-0.0011478,-0.012323,0.044636,0.00043254,0.0086145,0.016487,-8.3458e-006,-0.00099212,-0.0012505,3.1438e-006,0.0016791,-0.0015004,-6.7286e-006,0.00012722,-4.9744e-006,-0.0024977,-0.00093547,0.00040755,0.0062621,0.0010252,0.0072961,-0.0063663,0.038759,-0.01933,-0.022438,-0.0024566,-0.0077998,-0.010896,-0.025159,0.029596,0.0014374,-0.0017227,0.03076,-0.010673,-0.019753,0.021326,-0.0084798,-0.0023354,0.0005594,-0.0087293,0.01346,0.00062525,-0.0089488,-0.0035061,-0.0059486,0.0050045,0.0021098,-0.00045727,-0.0062034,0.0019744,6.0268e-015,0.039656
-0.0045926,8.3264e-006,0.0001187,-6.2981e-006,0.039627,6.3786e-006,8.4839e-006,-0.00042176,-2.4078e-005,0.00025184,-5.288e-005,0.10215,-0.00032937,-0.0008022,0.094943,0.00015658,0.0015309,-0.0026357,-0.67023,-0.003878,-0.00039861,-0.079769,0.0010533,0.00033834,-0.00056349,0.0002663,-0.11808,0.00043025,-0.00081765,-0.00016993,-7.8967e-005,-0.23343,0.0019231,-0.23348,-0.0010122,0.00028718,-0.063711,0.0021062,-0.00042843,-0.069173,-6.2451e-005,-0.02947,0.00057058,-0.0036518,0.28603,0.00093882,-0.00021279,0.061339,-0.00072707,0.00064753,0.18282,-0.00090076,0.00047472,-0.50352,0.0006042,-0.13471,0.00071173,-7.5211e-006,-1.2406e-005,-1.1322e-005,4.6478e-006,3.8997e-015,1.8319e-015,6.8348e-016,-4.1633e-017,3.8858e-016,-1.1102e-016,8.3267e-017,2.2204e-016,-7.494e-016,2.9143e-016,2.7756e-017,4.1633e-017,-4.1633e-016,2.7756e-017,7.6328e-017,-2.5674e-016,2.9143e-016,-2.498e-016,7.6328e-017,3.4694e-017,-8.3267e-017,-2.3592e-016,-1.8215e-016,-2.0817e-017,2.7756e-017,6.9389e-017,3.4694e-017,-7.9797e-017,6.245e-017,1.3878e-016,-4.0505e-018,9.7903e-016
-1.5938e-008,3.4842e-006,1.5509e-005,-0.00014896,4.6972e-006,-0.003377,0.0079167,-0.0039452,0.042972,0.0012519,0.083545,-7.0788e-006,-0.0005474,0.0019739,1.1062e-006,0.008885,-0.0096482,0.015938,-0.00095787,0.14317,-0.066817,-0.00038882,-0.051212,-0.067059,0.16962,-0.076599,0.0003219,0.02412,-0.078079,-0.031655,-0.044361,-6.3743e-005,0.015936,-0.00012085,0.076918,-0.04202,0.0017559,0.1096,0.097308,0.00026567,0.11847,0.0033295,-0.054291,-0.081702,-0.00046734,-0.014823,-0.053447,5.8648e-005,-0.025803,-0.046578,3.1325e-005,-0.010821,0.019364,1.1342e-005,-0.0069285,-5.2554e-005,-0.025973,0.020622,0.0022011,0.0068678,0.017201,-0.013561,0.016592,0.010766,-0.060448,-0.067073,0.10563,-0.13604,-0.034669,-0.18462,-0.0086834,-0.014509,-0.057897,0.05199,-0.18427,0.037822,0.23979,-0.33898,0.26887,-0.2835,0.16026,-0.39537,-0.088328,0.20467,0.12465,0.24636,-0.23132,-0.064664,0.18447,0.020189,-0.097394,-2.9192e-013,0.057258
-1.1063e-006,0.0026364,0.0075998,-0.0025155,2.5541e-005,-0.0063506,0.0049196,-0.03601,0.020146,-0.042451,0.030292,3.4854e-005,0.23021,0.20777,-8.2963e-006,-0.03404,-0.15234,0.32625,-0.0017976,0.057885,-0.27287,-0.00096381,-0.12728,-0.05739,-0.25842,-0.13277,0.00034988,0.15265,-0.19845,-0.2411,-0.070139,-0.00050309,0.054498,-0.00088093,-0.098499,-0.1301,-0.00019075,0.028918,-0.029255,0.0013645,-0.013987,-0.004146,0.059272,-0.015114,-0.0021811,0.040199,0.10427,0.00051604,0.22743,0.27429,-0.00015325,0.11951,-0.092812,0.0004089,0.091147,0.00087233,0.41331,-0.092108,-0.2182,0.11668,0.12076,5.1348e-016,1.6653e-016,3.8858e-016,-3.8858e-016,4.5103e-016,4.1633e-017,4.3021e-016,-1.9429e-016,-2.4286e-016,2.498e-016,-2.7756e-017,3.0531e-016,-2.3592e-016,5.5511e-017,8.3267e-017,-6.9389e-017,1.9429e-016,1.6653e-016,-3.1572e-016,-3.747e-016,1.1796e-016,-2.2898e-016,-2.0817e-017,3.1919e-016,1.0408e-016,-8.6736e-019,2.7756e-017,4.1633e-017,3.0878e-016,1.2143e-017,-4.2556e-018,2.2161e-016
-2.9306e-009,1.2818e-005,5.6943e-006,-0.00091235,1.3031e-006,-0.004162,0.00028707,-0.00082766,0.0024301,-0.0048227,-0.0053698,6.2414e-008,0.0080105,0.020766,1.2143e-006,-0.02578,-0.021442,0.052726,-0.00045355,0.00015765,-0.04453,-0.00050075,0.0087496,-0.047543,-0.097956,-0.22409,-7.1152e-006,-0.14989,-0.0051461,3.7731e-005,0.079768,8.5112e-005,0.069043,0.00096286,0.010304,0.012092,-0.00064786,-0.045578,-0.033158,6.3557e-005,0.056419,0.0019342,-0.080664,0.041684,0.0013914,-0.037498,0.10873,-2.7043e-005,-0.045511,-0.10201,5.2177e-005,-0.011143,-0.072705,-0.00013507,0.013865,-0.0001803,-0.080565,-0.010252,0.015681,-0.070598,0.01809,0.019302,-0.046179,0.10618,0.1394,0.15855,0.14064,-0.12703,-0.14503,-0.041852,-0.012182,0.022823,-0.073901,0.039584,0.10748,-0.074978,-0.16529,-0.082288,0.16802,-0.065951,0.08801,-0.15087,-0.14824,0.36379,-0.051328,-0.33997,0.083965,0.27207,-0.41607,-0.18533,0.19532,5.8858e-013,0.033543
-1.2151e-010,8.7345e-007,-3.8422e-007,-0.0005907,1.3931e-006,-0.0079258,0.0009569,0.00026988,0.0015538,0.00036229,0.0052461,-1.1203e-006,-0.0012693,-0.0029168,6.1178e-006,0.004103,0.018764,0.0020574,0.00091306,-0.17144,-0.0048969,-0.0008481,-0.17438,0.20362,0.074159,-0.084388,0.00017651,0.0038164,-0.045941,0.0067756,-0.0025745,2.5184e-005,-0.026887,-0.00022944,0.0035732,-0.04729,0.00091524,0.056751,0.053614,-8.3822e-005,-0.020316,-0.0012212,-0.021359,0.062035,0.00065311,0.015356,0.023371,-2.5991e-005,-0.010284,-0.010542,-3.0223e-005,-0.011505,0.0046589,2.8548e-005,0.00067167,1.2651e-005,0.0060401,0.0080477,-0.0023088,0.0019411,-0.0021464,-0.0024907,-0.0092424,0.056816,-0.038831,-0.066928,-0.086827,0.12446,0.088956,0.20926,0.27021,0.10886,-0.33441,-0.2579,-0.36182,0.24636,0.19448,0.041352,0.099653,0.14148,-0.27005,-0.25653,0.035244,-0.14174,0.022791,-0.055109,-0.0066995,0.13542,-0.16742,-0.20357,0.076348,2.3365e-013,-0.052375
-2.4301e-010,1.7469e-006,-7.6845e-007,-0.0011814,2.7863e-006,-0.015852,0.0019138,0.00053976,0.0031076,0.00072458,0.010492,-2.2407e-006,-0.0025386,-0.0058335,1.2236e-005,0.008206,0.037528,0.0041149,0.0018261,-0.34288,-0.0097938,-0.0016962,-0.34876,0.40723,0.14832,-0.16878,0.00035301,0.0076329,-0.091882,0.013551,-0.0051489,5.0369e-005,-0.053775,-0.00045888,0.0071464,-0.094581,0.0018305,0.1135,0.10723,-0.00016764,-0.040632,-0.0024424,-0.042717,0.12407,0.0013062,0.030711,0.046742,-5.1983e-005,-0.020567,-0.021085,-6.0446e-005,-0.02301,0.0093178,5.7096e-005,0.0013433,2.5301e-005,0.01208,0.016095,-0.0046175,0.0038822,-0.0042928,-0.0056091,-0.012636,0.19705,0.05743,0.039192,0.12362,-0.078287,-0.11498,-0.045438,-0.06617,-0.32938,0.045772,0.010865,0.3066,-0.17417,-0.031362,-0.074544,0.05705,0.010515,0.01945,-0.0017626,0.12618,-0.15753,0.18877,-0.098554,-0.10128,-0.18127,0.03392,0.043633,-0.0074155,-2.1259e-014,-0.10472
-9.2081e-008,6.0137e-005,0.00079621,-2.6991e-005,-7.5581e-007,-7.248e-006,2.522e-005,-0.00065723,3.3379e-005,-0.001251,0.000237,-1.2983e-007,0.081231,0.0051596,3.5044e-005,0.0048647,0.017158,-0.012305,5.9952e-007,0.0014459,-0.022531,1.5229e-005,0.031553,0.035326,0.046787,0.04614,-0.00013177,-0.052312,0.0030185,0.097858,0.021149,-2.7623e-005,0.20848,0.0024331,-0.05257,-0.023379,0.0010806,0.059138,-0.009025,-9.4014e-005,-0.037689,-0.00079852,-0.023761,-0.025732,-0.00030632,-0.012966,0.016794,-0.00019594,-0.0017239,0.039488,-6.7253e-005,-0.017303,-0.0028748,6.1496e-005,0.032452,1.1836e-005,0.0070694,0.02388,0.0096941,0.038247,0.013747,-0.022137,0.022403,-0.010486,-0.046338,-0.007028,0.030405,-0.032911,-0.022359,0.0028296,-0.038549,0.075869,-0.1374,-0.042823,-0.030429,-0.058984,-0.1035,-0.028118,-0.12216,-0.22359,0.20397,0.12608,-0.019957,-0.29275,0.53316,0.072945,0.08553,0.5927,0.079018,0.039843,0.0099738,2.7944e-014,-0.0012853
-2.5635e-007,0.00018489,0.0022055,-0.00013749,-7.4369e-007,-9.105e-005,0.00018911,-0.0052232,-0.00017885,-0.033129,0.00058958,-9.4545e-006,0.17063,0.060108,8.2653e-005,0.0084919,0.0083544,0.16767,-0.00089649,-0.0064958,-0.25819,-0.00064463,0.13978,0.18637,0.10828,0.26767,-0.0007044,-0.06973,0.030822,0.21289,0.14746,-0.00011911,0.043034,-0.00061685,0.14923,-0.068615,-0.0041951,-0.21379,0.020918,0.0017216,0.24475,0.0035537,-0.047946,0.22116,0.0022139,0.078559,-0.21361,0.0025997,0.16511,-0.35115,0.00040256,0.16315,-0.22338,-0.00074092,-0.12292,0.00017759,0.10086,0.11013,-0.24304,0.042614,-0.22374,0.033374,-0.039811,-0.043378,0.029447,-0.026059,-0.025598,-0.057427,0.0038147,-0.050507,-0.058171,-0.057074,-0.041245,0.041504,-0.004759,0.027933,-0.0049264,0.021743,-0.041766,0.011837,-0.020828,-0.040645,-0.068627,-0.043583,-0.031328,-0.016215,0.022801,-0.02456,0.040292,-0.092819,0.009511,3.03e-014,-0.00026501
-1.5787e-007,0.0048493,-0.00076306,-2.9006e-005,8.1642e-006,-0.00973,0.010082,-0.0063835,-0.023931,-0.032228,0.0048438,-3.386e-006,-0.0090373,0.053106,-1.7477e-005,-0.026927,-0.1237,0.026756,-0.0020091,0.1872,0.34654,3.5003e-005,-0.16857,0.071524,0.018351,0.15448,-1.6571e-006,-0.27737,-0.32608,0.27347,0.013233,-3.6474e-005,-0.10263,-0.0016833,0.18378,0.21481,-0.00090208,-0.039901,-0.10469,0.001707,0.21024,0.004146,-0.069725,-0.028256,-0.00084066,0.25216,0.11595,-0.0014018,-0.065146,0.29955,-0.0013377,-0.2286,-0.14039,0.00036933,0.040735,0.00038234,0.18619,0.031592,-0.13916,-0.23318,-0.020839,6.0368e-016,1.8319e-015,5.1348e-016,3.6082e-016,-1.2698e-015,1.9429e-016,2.6368e-016,-2.2204e-016,3.6082e-016,-7.494e-016,-1.7347e-016,-2.7756e-016,6.3838e-016,-2.8449e-016,-2.3679e-016,-2.0817e-017,-2.7756e-017,-8.3267e-017,8.3267e-017,5.5511e-017,-1.4572e-016,-6.9389e-017,-6.9389e-017,-1.4572e-016,-6.9389e-018,1.3878e-017,-4.1633e-017,4.1633e-017,3.0011e-016,3.4694e-018,-1.4658e-017,-1.4745e-017
-7.1942e-010,6.2427e-005,-4.1742e-005,-0.0054549,-5.8867e-007,-0.00083802,-0.0017381,0.00011975,0.00052108,0.00034004,-0.00020895,-1.3015e-007,-0.0010869,-0.0013381,-1.0006e-006,-0.0050162,-0.0014323,-0.01286,4.6351e-005,0.0026054,-0.013696,1.6618e-005,-0.0029042,-0.0031351,-0.018358,0.00694,-2.2568e-005,-0.0046056,0.0030479,0.019582,0.018629,6.31e-005,-0.0055648,0.00015497,0.031308,0.076005,0.0024461,0.14726,0.040501,0.00051235,0.095984,0.0021769,0.21293,0.14164,0.0021629,-0.2105,-0.021013,0.00022888,0.093707,0.11348,-0.00036708,-0.01077,-0.16523,-0.00035406,-0.030175,-0.00016095,-0.071655,0.041242,0.061319,-0.033273,0.017279,-0.0017272,0.005388,-0.004192,-0.0006572,-0.0028168,0.0059967,0.00020637,-0.030842,-0.037191,-0.045349,-0.069039,0.087518,0.059847,0.13502,-0.13886,-0.14048,-0.11648,0.21126,0.31615,-0.26839,-0.25945,0.18958,0.0035716,-0.21089,0.23504,0.22113,0.40541,0.23416,0.055966,-0.069299,-2.1006e-013,7.6552e-005
-0.0045921,-1.962e-007,8.5157e-006,-2.8612e-006,0.043704,1.1355e-005,-1.0738e-005,0.00030249,1.2119e-005,-0.00011711,2.6847e-005,0.058242,7.4178e-005,-2.2844e-005,0.4963,-0.00018844,-0.0011441,0.001564,0.3717,0.0020906,0.00014129,0.12002,-0.0010486,-0.0003566,0.00061154,-0.00043938,-0.062202,-0.00038301,0.00076237,0.00033763,0.0011913,-0.56762,-0.0011304,0.091307,0.00022002,-3.662e-005,0.023663,-0.0011109,0.00078565,0.1874,0.00055444,-0.057524,0.00035909,-0.00074233,-0.0036138,-0.00065947,0.00033294,0.1187,-0.0017233,0.00016247,-0.25445,0.0007371,0.00056331,-0.18669,0.0002255,-0.32969,0.00072161,-1.2974e-006,-3.0133e-006,-2.1731e-006,8.5001e-007,3.4972e-015,1.7764e-015,3.6082e-016,-7.2164e-016,9.992e-016,-4.8225e-016,-1.3878e-017,1.9429e-016,-4.7184e-016,3.0531e-016,0,-1.3878e-017,-1.6653e-016,-1.5266e-016,-2.498e-016,-9.7145e-017,-1.6653e-016,-2.7756e-017,-2.0817e-016,-2.6368e-016,-1.3878e-017,-1.3878e-016,-2.2204e-016,-5.5511e-017,-1.3184e-016,9.541e-018,1.4572e-016,-1.6653e-016,7.2858e-017,8.3267e-017,1.3499e-017,-6.206e-016
-0.014746,9.0681e-006,0.00016774,-1.6078e-005,0.19914,4.9875e-005,-3.9811e-005,0.0010463,4.1183e-005,-0.00040921,0.00012519,0.93278,7.248e-005,0.00027165,-0.26052,3.0078e-005,-5.177e-005,0.00034816,0.094086,0.00049538,-1.6094e-005,0.079472,-0.00051947,-0.00017506,0.00029212,-0.00018567,-0.0068582,-0.00018642,0.00036844,0.00013,0.00039613,0.005641,0.00012403,-0.0084437,2.0897e-005,6.1634e-006,-0.022884,0.00011796,0.00022235,0.053141,0.00038606,-0.026058,0.00015266,-0.00040871,0.012038,-0.00012321,2.9512e-005,-0.010145,-8.7818e-005,-9.923e-005,-0.04561,0.00014451,3.1084e-005,0.012222,-2.0175e-005,-0.018913,1.0797e-005,6.5124e-007,6.5799e-007,8.0717e-007,-3.3824e-007,9.4369e-016,4.5103e-016,-1.3878e-016,-4.8572e-017,0,4.996e-016,2.7756e-016,-1.3704e-016,-5.5511e-017,2.7756e-017,-5.5511e-017,0,5.5511e-017,-1.3878e-017,-1.3878e-017,4.8572e-017,-5.5511e-017,2.7756e-017,0,-1.3878e-017,3.4694e-017,-4.1633e-017,-9.194e-017,-9.0206e-017,-3.4694e-018,-2.4286e-017,1.2143e-017,-3.1225e-017,-2.0817e-017,2.7756e-017,3.8819e-019,-2.4807e-016
-5.1431e-007,0.002667,0.0016097,-0.0026246,5.0831e-005,-0.0031072,0.0044228,-0.047752,-0.00069486,-0.021667,0.022111,7.4311e-005,0.027403,0.019555,-0.00027986,-0.041319,-0.20704,0.051388,0.0014481,-0.13238,0.16638,0.0022045,0.10484,0.030942,-0.14107,0.14877,0.00026541,-0.098609,-0.17952,-0.16765,-0.35022,-0.00033277,0.021019,-0.00026581,-0.035376,-0.0028022,0.0036529,0.18534,-0.084871,-0.0010143,-0.078118,0.00034321,-0.05807,-0.016047,0.0022537,-0.17793,-0.10588,-0.0011914,-0.40664,-0.22531,-0.00067368,-0.16789,-0.28298,-2.5484e-005,-0.23649,-0.00016308,-0.063463,-0.042363,-0.25684,0.32213,0.068644,-1.6376e-015,5.5511e-016,5.5511e-016,-1.1519e-015,1.0157e-015,-1.131e-015,-1.2906e-015,7.3552e-016,-1.3357e-015,6.2103e-016,-3.8858e-016,-2.5674e-016,-4.4409e-016,1.1102e-016,5.1348e-016,-5.6899e-016,3.1919e-016,-1.6653e-016,4.1633e-016,4.1633e-017,7.6328e-017,2.0817e-016,8.0491e-016,3.1919e-016,-5.2042e-017,-7.2858e-017,-1.3184e-016,2.498e-016,-4.5103e-017,-7.6328e-017,4.7263e-018,2.6368e-016
-2.8587e-009,1.2503e-005,5.5545e-006,-0.00088996,1.2711e-006,-0.0040598,0.00028002,-0.00080734,0.0023705,-0.0047043,-0.005238,6.0882e-008,0.0078139,0.020256,1.1845e-006,-0.025147,-0.020916,0.051432,-0.00044241,0.00015378,-0.043437,-0.00048846,0.0085348,-0.046376,-0.095551,-0.21859,-6.9405e-006,-0.14621,-0.0050198,3.6805e-005,0.07781,8.3022e-005,0.067348,0.00093922,0.010051,0.011795,-0.00063195,-0.044459,-0.032344,6.1997e-005,0.055034,0.0018867,-0.078684,0.04066,0.0013573,-0.036578,0.10606,-2.6379e-005,-0.044394,-0.099506,5.0896e-005,-0.01087,-0.07092,-0.00013176,0.013525,-0.00017587,-0.078587,-0.01,0.015296,-0.068864,0.017646,-0.0014388,-0.011491,0.0032974,0.020192,0.021703,0.015263,-0.0082095,-0.072076,0.010037,-0.061846,-0.0035074,-0.069781,0.017405,-0.024631,0.08029,0.1894,0.23136,-0.16936,-0.25521,0.011858,-0.15656,0.36205,-0.079356,-0.16876,-0.032063,0.035562,-0.015197,0.29564,0.291,0.52448,1.558e-012,0.033618
-0.0044218,3.8462e-006,5.9586e-005,-2.195e-006,0.020826,5.6187e-006,-5.4092e-006,0.00015521,6.3258e-006,-5.6376e-005,1.5645e-005,0.07885,-6.3047e-005,-0.00017917,0.20197,-3.231e-005,3.1866e-005,-0.0005292,-0.35985,-0.0027499,-0.00079629,0.34977,-0.00088284,-0.00021956,0.00026751,0.00012061,0.24005,-0.00014425,0.00024941,-0.00019306,-0.0010502,0.16705,-0.0031022,0.34547,0.0013132,-0.00045,0.064064,-0.0016758,-0.00091546,-0.28618,0.0037616,-0.042695,-0.00064671,0.0047011,-0.37762,-0.0013229,0.00033016,0.18928,-0.0013596,0.00071897,0.084536,-0.0001419,-0.00016936,0.17542,-0.00023542,-0.43771,0.00067997,8.2451e-006,-3.4975e-006,2.2883e-006,-9.4693e-007,-2.8727e-015,-1.2837e-015,4.6491e-016,6.4185e-016,-5.0654e-016,-3.0531e-016,-7.2164e-016,3.1919e-016,-6.3838e-016,4.5797e-016,-5.8981e-016,-2.0817e-016,5.5511e-017,-3.8858e-016,-3.4694e-016,-1.4572e-016,1.1102e-016,2.7756e-017,7.2858e-017,1.3184e-016,-2.1511e-016,-9.7145e-017,-6.245e-017,-9.7145e-017,-1.0408e-017,-3.4694e-017,9.7145e-017,-5.8981e-017,-2.8623e-017,7.9797e-017,9.4649e-018,-3.3372e-016
-3.7669e-009,1.6475e-005,7.3192e-006,-0.0011727,1.675e-006,-0.0053497,0.00036898,-0.0010638,0.0031236,-0.0061988,-0.0069021,8.0224e-008,0.010296,0.026691,1.5608e-006,-0.033136,-0.027561,0.067772,-0.00058297,0.00020263,-0.057236,-0.00064364,0.011246,-0.06111,-0.12591,-0.28804,-9.1456e-006,-0.19266,-0.0066145,4.8498e-005,0.10253,0.0001094,0.088744,0.0012376,0.013245,0.015543,-0.00083272,-0.058584,-0.042619,8.1694e-005,0.072518,0.0024861,-0.10368,0.053578,0.0017885,-0.048199,0.13976,-3.476e-005,-0.058497,-0.13112,6.7066e-005,-0.014323,-0.093451,-0.00017362,0.017822,-0.00023175,-0.10355,-0.013177,0.020155,-0.090743,0.023252,-0.0020299,-0.014048,-0.0065039,0.013292,-0.024733,-0.10033,0.12699,0.016792,0.14989,-0.038058,-0.011955,-0.010569,0.083337,-0.046997,-0.0017304,-0.015698,-0.047186,0.1218,0.16861,-0.0085623,0.15293,-0.11369,-0.056532,0.14741,0.15238,-0.038985,-0.11938,0.1085,-0.041266,-0.11147,-0.70711,0.044304
-2.9644e-007,0.0013959,0.0019753,-0.0051988,4.5187e-006,0.00038991,0.0010366,-0.017287,-0.0016161,-0.1409,0.0011664,-5.8776e-005,0.44138,-0.80564,-0.00060154,-0.037431,-0.048659,0.14111,-0.00036576,0.031698,0.10054,5.9888e-005,-0.064505,-0.037478,-0.025827,-0.044007,0.00021446,0.059963,-0.054715,-0.074353,0.031333,7.791e-005,-0.097493,-0.00076203,-0.056921,0.084581,-0.0019983,-0.11633,0.1019,-0.0005689,0.035061,0.0014537,0.017522,0.015651,0.00048779,-0.0072669,0.013106,-2.9192e-005,-0.0022035,-0.0012705,1.7788e-005,0.0044625,0.0053583,-7.4529e-005,-0.011561,-6.3214e-005,-0.031437,0.0022051,-0.0097203,0.0089192,-0.0084737,-0.020326,0.018577,0.030939,0.0036983,0.03035,0.019135,0.022913,-0.0072494,0.013094,-0.00040277,0.013473,0.054206,-0.01631,-0.0090645,0.018014,0.01212,0.012681,0.0065372,-0.055066,-0.023491,0.00084189,0.0073463,0.016978,0.039812,-0.040874,0.077904,-0.0036435,0.072771,-0.072675,-0.029493,-8.666e-014,-0.00038739
-5.2026e-009,1.2963e-005,6.8069e-006,-0.001074,2.935e-006,-0.010165,0.0076217,-0.00031415,-0.015619,-0.0032682,-0.00026813,1.1119e-006,0.0060697,0.019306,-1.6721e-005,-0.033076,-0.061688,0.020172,-0.0010496,0.10522,-0.00043433,-0.00024402,-0.020584,0.021331,-0.075119,-0.17152,2.1916e-005,-0.14526,-0.081149,0.12328,0.13812,0.00031398,-0.08118,0.00012907,-0.089652,-0.097751,-0.00030518,-0.029837,-0.076517,-0.00010481,-0.00022994,0.0016272,0.0026542,-0.079651,-0.00042785,-0.082871,-0.093654,-7.6785e-005,-0.017006,-0.018943,0.00038215,0.082034,-0.0021175,-0.00019851,-0.0066147,-0.00021201,-0.10225,0.0085811,0.0126,0.066192,0.034976,0.010466,0.035065,0.091602,0.07674,0.12848,-0.03752,0.079552,-0.01651,0.031961,0.023672,-0.032804,-0.12946,0.041674,0.12591,0.107,-0.10579,0.13726,-0.26457,-0.28293,-0.039412,-0.28504,0.059666,-0.14228,-0.17766,0.042487,-0.035567,0.023626,-0.16856,0.13328,-0.59156,-1.7689e-012,-0.040812
-5.8725e-008,0.00080914,0.00017458,5.1877e-005,7.9366e-007,-6.1454e-005,8.6525e-005,-0.0022723,-0.00026703,-0.016417,4.2541e-005,-4.9692e-006,0.0062001,0.023934,1.5254e-005,-0.00054434,-0.016069,0.04059,-0.00041537,0.01274,-0.022169,-0.0002476,-0.013178,0.035636,0.0070448,0.082186,-0.00012923,0.022837,-0.02977,0.079151,0.059159,-1.7599e-005,-0.062738,-0.0011071,0.090545,0.051236,-0.0019083,-0.095219,-0.076103,0.0018087,0.26261,0.0053474,-0.064145,0.090784,0.0011998,0.11833,0.19576,0.00050441,0.085791,-0.060941,-0.00048055,-0.15112,-0.012452,-0.00032223,-0.14739,0.00012533,0.096882,-0.24985,0.57366,0.56184,0.20369,4.1633e-016,-4.113e-015,5.5511e-017,-1.138e-015,2.413e-015,-1.0131e-015,-2.0817e-016,-2.2898e-016,1.9429e-016,1.2976e-015,-3.6863e-016,1.5266e-016,7.7716e-016,4.1633e-016,3.4261e-016,4.4409e-016,1.1796e-016,8.6042e-016,-8.1185e-016,-6.1062e-016,5.6725e-016,3.6082e-016,4.4409e-016,2.4286e-017,0,-1.3878e-016,5.5511e-017,-2.8449e-016,-2.3592e-016,-1.1102e-016,9.3265e-018,-1.7868e-016
-0.0019399,-2.472e-007,-1.6223e-006,-7.88e-008,0.0017178,4.6059e-007,-5.0337e-007,1.5189e-005,6.7428e-007,-6.9555e-006,1.7126e-006,0.0038914,6.9925e-006,-1.3393e-005,0.091361,-3.378e-005,-0.00020492,0.00027468,0.037655,8.5087e-005,-0.0001066,0.10716,-0.00047976,-0.00014698,0.00019646,0.00024432,0.57409,-0.00076848,0.0014306,0.00061176,0.0021417,-0.053765,0.0044309,-0.46743,-0.0015408,0.00046963,-0.4099,0.0083706,-0.0012543,-0.2561,-0.0010708,0.074853,-0.0004686,0.0015119,-0.075458,-5.4632e-005,-0.00029998,-0.34087,0.0018898,-0.0015041,-0.25532,0.00078677,0.00019825,-0.030718,7.6655e-005,-0.020812,7.8906e-005,-2.1596e-006,-1.9279e-007,-1.2772e-006,5.2352e-007,-3.4001e-016,-3.348e-016,-4.6838e-016,3.0878e-016,-4.7878e-016,3.7557e-016,-1.3184e-016,-2.047e-016,1.0755e-016,-5.5511e-017,-1.249e-016,6.9389e-017,1.5743e-016,1.6653e-016,-2.3245e-016,1.3704e-016,-1.0061e-016,-1.648e-016,-3.296e-017,5.5511e-017,5.7246e-017,-1.0061e-016,-2.5674e-016,-6.0715e-017,-2.2551e-017,-4.3802e-017,-6.1583e-017,0,5.1174e-017,-4.6838e-017,8.6862e-018,-6.1615e-016
-4.3358e-008,2.6092e-005,3.5426e-005,-0.00066734,9.8851e-006,-1.3578e-005,0.00034617,-0.0096359,-0.00070449,-0.013708,-0.00052207,1.0937e-005,-0.012044,0.0072108,-5.4529e-005,-0.0087777,-0.066862,-0.11023,0.0012972,-0.07996,-0.010184,0.0016296,0.28279,0.078593,0.08706,-0.073906,0.00040258,0.063007,-0.30481,-0.12993,0.078851,-9.6908e-005,0.025262,7.7059e-005,-0.043255,0.095476,-0.00050306,-0.018048,0.054228,8.075e-005,0.0070771,-0.00061941,0.044988,0.0033424,-0.00054496,0.064507,0.028033,0.00025903,0.024382,-0.026544,-4.7445e-005,-0.019014,-0.016316,0.00017107,0.14969,-8.548e-006,-0.0029094,0.071128,0.053732,0.022732,-0.070224,-0.36795,-0.026185,-0.01348,-0.14708,0.033643,-0.11281,0.0412,0.12059,0.011948,0.052255,-0.12801,0.04399,0.13825,0.097892,-0.070505,0.011496,0.24878,-0.11202,0.0028506,-0.04432,-0.013568,0.071282,0.17283,-0.011172,0.013864,-0.46111,0.19974,0.079439,-0.28647,0.010225,3.6741e-014,0.040579
-0.0052783,-1.8707e-007,2.7064e-006,-2.4887e-006,0.022674,3.7428e-006,3.7322e-006,-0.00019705,-1.1253e-005,0.00011027,-2.1487e-005,0.11314,-9.8162e-005,-0.00039419,0.12953,5.4924e-005,0.00060791,-0.0010897,-0.14275,-0.00031431,0.00047771,-0.4592,0.0023319,0.00073941,-0.0012081,0.00076072,0.08159,0.00064372,-0.0012768,-0.00050874,-0.0016639,-0.18161,-0.0026521,0.25368,0.00060148,-0.00014557,0.069808,-0.00079691,-0.00059133,-0.17608,-0.0014026,0.13904,-0.0014115,0.0072176,-0.52111,-0.0017871,0.00043603,0.044269,-0.0013457,-0.0002563,-0.2181,0.00046046,0.00037232,-0.22515,0.00025622,0.4556,-0.00073943,-7.9982e-006,5.3128e-006,-9.4687e-007,3.8695e-007,1.5335e-015,5.0307e-016,-6.9042e-016,-5.9674e-016,1.3531e-016,-4.5797e-016,-6.1062e-016,2.7756e-017,3.3827e-016,-1.6653e-016,-2.2031e-016,6.9389e-018,-6.245e-017,2.3592e-016,2.8449e-016,1.8388e-016,-3.0184e-016,-2.1511e-016,-6.8305e-017,-2.3245e-016,1.5959e-016,-1.0408e-016,2.1164e-016,2.2898e-016,-1.1276e-016,-7.6328e-017,1.1796e-016,3.4694e-017,-1.7521e-016,1.5266e-016,-1.7251e-018,-1.1146e-015
-4.1535e-008,4.3523e-005,0.00027902,-0.00072048,2.3814e-006,2.6813e-005,0.00020287,-0.0040547,-0.00032734,-0.021809,0.00045434,-6.0876e-006,0.033336,-0.10842,-0.00011309,-0.012899,-0.048145,-0.043745,0.00058863,-0.042647,0.02499,0.00054132,0.073083,-0.018772,-0.043253,-0.084733,0.0001417,-0.01729,0.016023,0.072628,-0.34287,-0.00054073,-0.086055,-0.0032536,0.26373,-0.34676,0.0027012,0.18849,-0.40399,0.0036857,0.092995,-0.0016404,0.061724,0.10857,-0.00050779,0.10549,-0.071656,0.0013577,0.15294,-0.11026,0.00034523,0.053295,0.1159,1.5895e-005,0.017757,6.739e-005,0.026153,0.012514,0.086188,-0.18924,0.12317,0.12652,-0.032977,-0.10649,0.020142,-0.0054411,0.030673,0.079331,0.11049,0.017611,0.15409,0.04129,-0.17658,-0.0084767,0.051655,-0.23181,-0.012826,0.11717,-0.060425,0.031533,0.066272,-0.033004,0.076304,0.17946,0.094685,-0.11598,0.011048,-0.006044,0.18734,-0.060277,-0.085782,-2.5532e-013,0.036774
-3.7669e-009,1.6475e-005,7.3192e-006,-0.0011727,1.675e-006,-0.0053497,0.00036898,-0.0010638,0.0031236,-0.0061988,-0.0069021,8.0224e-008,0.010296,0.026691,1.5608e-006,-0.033136,-0.027561,0.067772,-0.00058297,0.00020263,-0.057236,-0.00064364,0.011246,-0.06111,-0.12591,-0.28804,-9.1456e-006,-0.19266,-0.0066145,4.8498e-005,0.10253,0.0001094,0.088744,0.0012376,0.013245,0.015543,-0.00083272,-0.058584,-0.042619,8.1694e-005,0.072518,0.0024861,-0.10368,0.053578,0.0017885,-0.048199,0.13976,-3.476e-005,-0.058497,-0.13112,6.7066e-005,-0.014323,-0.093451,-0.00017362,0.017822,-0.00023175,-0.10355,-0.013177,0.020155,-0.090743,0.023252,-0.0020299,-0.014048,-0.0065039,0.013292,-0.024733,-0.10033,0.12699,0.016792,0.14989,-0.038058,-0.011955,-0.010569,0.083337,-0.046997,-0.0017304,-0.015698,-0.047186,0.1218,0.16861,-0.0085623,0.15293,-0.11369,-0.056532,0.14741,0.15238,-0.038985,-0.11938,0.1085,-0.041266,-0.11147,0.70711,0.044304
-1.4569e-008,3.1849e-006,1.4177e-005,-0.00013617,4.2938e-006,-0.0030869,0.0072368,-0.0036064,0.039281,0.0011444,0.07637,-6.4708e-006,-0.00050039,0.0018044,1.0112e-006,0.008122,-0.0088196,0.014569,-0.0008756,0.13088,-0.061078,-0.00035543,-0.046814,-0.061299,0.15505,-0.07002,0.00029425,0.022048,-0.071373,-0.028937,-0.040552,-5.8269e-005,0.014568,-0.00011047,0.070312,-0.038411,0.0016051,0.10019,0.088951,0.00024286,0.1083,0.0030435,-0.049628,-0.074685,-0.0004272,-0.01355,-0.048857,5.3611e-005,-0.023587,-0.042578,2.8635e-005,-0.0098918,0.017701,1.0368e-005,-0.0063334,-4.804e-005,-0.023742,0.018851,0.002012,0.006278,0.015723,0.0040384,-0.019165,-0.065358,-0.25103,-0.23398,-0.1567,0.22349,0.13704,0.11614,0.17159,-0.083785,-0.059733,0.085825,0.2289,0.0394,-0.36105,-0.31803,-0.071148,-0.27344,-0.023396,0.064829,0.17726,-0.082186,-0.10055,0.089824,0.19404,-0.12099,-0.13747,-0.23371,0.21441,6.4594e-013,0.051612
-1.2151e-010,8.7345e-007,-3.8422e-007,-0.0005907,1.3931e-006,-0.0079258,0.0009569,0.00026988,0.0015538,0.00036229,0.0052461,-1.1203e-006,-0.0012693,-0.0029168,6.1178e-006,0.004103,0.018764,0.0020574,0.00091306,-0.17144,-0.0048969,-0.0008481,-0.17438,0.20362,0.074159,-0.084388,0.00017651,0.0038164,-0.045941,0.0067756,-0.0025745,2.5184e-005,-0.026887,-0.00022944,0.0035732,-0.04729,0.00091524,0.056751,0.053614,-8.3822e-005,-0.020316,-0.0012212,-0.021359,0.062035,0.00065311,0.015356,0.023371,-2.5991e-005,-0.010284,-0.010542,-3.0223e-005,-0.011505,0.0046589,2.8548e-005,0.00067167,1.2651e-005,0.0060401,0.0080477,-0.0023088,0.0019411,-0.0021464,-0.0028036,-0.0055938,0.074103,-0.0070618,-0.027661,-0.01088,0.032837,0.0046754,0.04952,0.056999,-0.070967,-0.099895,-0.088497,-0.042484,0.048992,0.10355,0.062939,-0.10456,-0.16142,0.21929,0.35485,-0.33318,0.30545,-0.43283,0.31643,0.19443,0.21812,0.14275,0.032894,-0.032019,-1.0129e-013,-0.052361
-3.8012e-007,0.001793,0.0022662,-0.0068811,8.5221e-006,-0.0021353,0.0037696,-0.014824,0.00073972,-0.050934,0.023987,-6.2895e-006,0.049952,0.14285,0.00012062,-0.0010621,-0.014417,0.0032034,-0.00024601,-0.055264,0.34792,0.00011116,-0.062625,-0.084979,-0.12379,-0.020156,7.4302e-005,0.27077,0.031125,0.072809,0.010269,-0.00015754,0.058992,5.2193e-005,-0.016207,-0.029221,-0.0030475,-0.15957,0.070917,0.00085339,0.23125,0.0050828,-0.13371,0.14713,0.0030733,-0.15341,0.048896,0.00060492,0.073704,-0.082111,0.00017617,-0.03451,0.20346,0.00023662,0.13428,-5.1725e-005,-0.041897,0.60389,-0.13602,0.16447,0.32234,-7.3899e-016,6.3838e-016,-1.2768e-015,1.9429e-016,1.8874e-015,3.4694e-017,5.4123e-016,-7.7716e-016,-7.0777e-016,9.1593e-016,3.7297e-016,9.7145e-017,-2.7756e-016,4.4409e-016,6.9389e-016,-3.3307e-016,3.8858e-016,-1.0825e-015,6.1062e-016,-9.0206e-017,1.5266e-016,-1.1102e-016,-1.3878e-016,4.4409e-016,3.3307e-016,-2.2204e-016,0,9.7145e-017,8.3267e-017,1.1102e-016,-1.9765e-017,1.5361e-015
-1.7405e-010,2.3578e-006,-1.8559e-006,-0.0015767,2.9658e-006,-0.018896,-0.0080002,0.00051926,-0.012432,0.0009854,-0.00057831,2.8583e-007,-0.0016161,-0.015461,2.6905e-005,0.49126,-0.081747,0.022531,0.00020548,-0.058472,-0.024918,-0.00022461,0.021923,-0.16354,-0.030498,0.0048128,-1.2772e-005,-0.043664,-0.04898,0.039995,0.02739,4.2023e-005,-0.016722,-9.7943e-005,0.0054273,-0.048455,0.00087376,0.056957,0.095593,-5.8389e-006,0.055149,0.0012347,-0.073834,-0.03649,-0.00015646,-0.0080583,0.021297,0.00012226,0.011072,-0.016974,-1.6642e-005,-0.0006134,-0.027143,-5.5247e-005,0.0012993,-3.8109e-005,-0.016905,-0.017344,0.0065102,-0.028524,0.0058935,0.0072381,-0.025012,0.013293,0.024775,0.040898,-0.13025,0.18398,-0.11616,-0.15277,-0.0092104,-0.23946,0.061218,-0.18531,-0.24668,0.017124,0.01546,-0.2058,-0.062834,0.16698,0.36199,0.070745,0.23007,-0.1031,-0.19102,-0.27701,-0.065182,0.11028,0.072015,-0.079535,-0.13484,-4.0123e-013,0.054453
-1.1391e-008,2.4901e-006,1.1085e-005,-0.00010647,3.3571e-006,-0.0024135,0.0056581,-0.0028197,0.030712,0.00089475,0.05971,-5.0592e-006,-0.00039123,0.0014108,7.906e-007,0.0063502,-0.0068956,0.011391,-0.00068459,0.10233,-0.047754,-0.00027789,-0.036602,-0.047927,0.12123,-0.054745,0.00023006,0.017238,-0.055804,-0.022624,-0.031705,-4.5558e-005,0.01139,-8.6374e-005,0.054974,-0.030032,0.0012549,0.07833,0.069546,0.00018988,0.084674,0.0023796,-0.038802,-0.058393,-0.00033401,-0.010594,-0.038199,4.1916e-005,-0.018442,-0.03329,2.2388e-005,-0.0077339,0.01384,8.1065e-006,-0.0049518,-3.756e-005,-0.018563,0.014738,0.0015731,0.0049085,0.012293,-0.031315,0.028121,-0.12191,-0.10333,-0.035946,-0.13009,0.2245,0.065141,-0.10676,-0.1778,-0.30424,0.11662,0.10482,0.0081164,-0.12886,0.46212,0.26331,-0.038638,0.095707,0.0068169,-0.059803,0.019228,0.097709,0.20032,0.068994,0.36897,0.044738,-0.38621,0.081718,-0.01914,-5.7922e-014,0.041881
-1.6581e-007,0.00012311,0.0014053,-0.00036841,1.5264e-007,-2.5712e-005,0.00016962,-0.0041743,-0.00024353,-0.027586,0.00047999,-1.1063e-005,0.18319,-0.15967,-7.614e-005,0.00025732,0.026427,2.2195e-005,0.00013566,0.0027728,0.0083883,0.00026873,0.056243,0.035165,0.060005,0.014256,-5.368e-005,-0.079194,-0.004692,0.14091,-0.080145,-0.0001333,0.21882,0.0023892,-0.12001,-0.069571,0.00092292,0.053123,-0.009482,7.5811e-005,0.016702,0.00079046,0.0489,-0.026092,-0.00010784,-0.048437,0.090308,-7.6717e-006,0.013809,-0.0023982,-4.2687e-005,-0.04264,0.084267,0.00017358,-0.035966,0.00015432,0.073296,0.0018704,0.010192,-0.030812,0.05116,0.10036,-0.091725,-0.15276,-0.01826,-0.14985,-0.094478,-0.11313,0.035794,-0.064654,0.0019887,-0.066522,-0.26764,0.080529,0.044756,-0.088943,-0.059842,-0.062614,-0.032278,0.27189,0.11599,-0.0041569,-0.036273,-0.083829,-0.19657,0.20182,-0.38465,0.01799,-0.35931,0.35883,0.14562,4.279e-013,0.0019128
-1.2399e-008,2.7107e-006,1.2066e-005,-0.00011589,3.6544e-006,-0.0026273,0.0061591,-0.0030694,0.033432,0.00097399,0.064998,-5.5073e-006,-0.00042587,0.0015357,8.6061e-007,0.0069125,-0.0075063,0.0124,-0.00074522,0.11139,-0.051983,-0.0003025,-0.039843,-0.052171,0.13197,-0.059593,0.00025044,0.018765,-0.060745,-0.024628,-0.034513,-4.9592e-005,0.012398,-9.4023e-005,0.059842,-0.032691,0.0013661,0.085267,0.075705,0.00020669,0.092172,0.0025903,-0.042238,-0.063564,-0.00036359,-0.011532,-0.041581,4.5628e-005,-0.020075,-0.036238,2.4371e-005,-0.0084188,0.015065,8.8244e-006,-0.0053903,-4.0887e-005,-0.020207,0.016044,0.0017124,0.0053432,0.013382,-0.0032953,-5.164e-005,-0.071046,-0.16355,-0.080981,-0.01099,0.038426,0.098406,0.016359,0.033105,-0.089277,-0.028388,0.089708,0.1482,0.22945,0.057249,-0.039502,0.14149,-0.018161,-0.29785,0.17439,-0.3,-0.035111,-0.052379,-0.5415,-0.090601,0.1813,0.18935,0.38975,-0.080381,-2.4951e-013,0.044225
-1.5949e-006,0.011247,0.0054356,-0.0098423,0.00014403,-0.0085466,0.0084849,-0.20024,-0.012491,-0.94868,-0.00549,-0.00018709,-0.12645,0.069594,0.00020382,0.033824,0.15562,-0.024293,8.7667e-005,0.016837,-0.026062,-6.9749e-005,0.0083116,0.0052201,0.022245,-0.0031322,-5.5353e-005,-0.034536,0.042621,-0.012576,0.012438,8.0904e-005,-0.020192,0.00011457,-0.030816,0.0028392,0.00093272,0.050262,-0.021693,-6.141e-005,-0.026822,-0.00058624,-0.0029126,-0.027611,-0.00032559,-0.0073239,-0.0075873,-3.5833e-005,-0.01499,-0.0045148,-2.9398e-005,-0.002717,-0.020915,6.3796e-005,0.010691,5.4426e-005,0.027458,-0.005566,0.0085754,-0.0038102,-0.0027042,5.8287e-016,6.9389e-017,0,1.6653e-016,-2.2204e-016,7.9797e-017,2.7756e-017,-2.7756e-017,5.5511e-017,-1.1102e-016,-5.5511e-017,-1.249e-016,-5.5511e-017,1.3878e-017,-6.9389e-017,1.1623e-016,-2.7756e-017,1.0929e-016,-8.3267e-017,4.1633e-017,2.0817e-017,2.7756e-017,1.3878e-017,-4.1633e-017,-4.1633e-017,6.245e-017,-6.9389e-018,4.3368e-018,6.9389e-018,-2.5153e-017,3.7901e-018,-1.0235e-016
-1.3826e-009,0.00011997,-8.022e-005,-0.010483,-1.1313e-006,-0.0016105,-0.0033403,0.00023014,0.0010014,0.00065348,-0.00040155,-2.5011e-007,-0.0020888,-0.0025716,-1.9229e-006,-0.0096399,-0.0027526,-0.024715,8.9077e-005,0.005007,-0.026321,3.1936e-005,-0.0055813,-0.006025,-0.03528,0.013337,-4.3371e-005,-0.0088509,0.0058573,0.037632,0.035801,0.00012126,-0.010694,0.00029783,0.060168,0.14606,0.0047009,0.28301,0.077834,0.00098463,0.18446,0.0041835,0.40921,0.27221,0.0041566,-0.40453,-0.040382,0.00043985,0.18008,0.21808,-0.00070545,-0.020698,-0.31754,-0.00068043,-0.05799,-0.00030932,-0.13771,0.079257,0.11784,-0.063943,0.033206,0.00089874,-0.0028037,0.0021813,0.00034197,0.0014657,-0.0031204,-0.00010739,0.016049,0.019352,0.023598,0.035925,-0.04554,-0.031142,-0.070258,0.072253,0.073099,0.060612,-0.10993,-0.16451,0.13966,0.13501,-0.098648,-0.0018585,0.10973,-0.1223,-0.11506,-0.21095,-0.12185,-0.029122,0.03606,1.0932e-013,-3.9834e-005
-5.555e-008,4.4993e-005,0.0001905,-0.0011285,9.4735e-006,-0.0044196,0.0045233,-0.0093358,0.002375,-0.02238,0.036788,-8.6018e-007,0.010979,-0.059874,-0.00010397,-0.027566,-0.068854,-0.11139,0.0018089,-0.16426,0.072785,0.0019237,0.30668,0.069916,-0.14796,-0.019755,2.1851e-005,0.0042884,-0.11265,-0.0161,-0.11339,-0.00033865,-0.054126,-0.0019359,0.087269,-0.17101,0.0010904,0.095086,-0.11341,0.0020437,0.087134,-0.00073038,-0.015097,-0.014215,-0.0015297,0.090352,0.013226,0.0012013,0.16934,-0.047294,0.0001613,0.047991,-0.0029346,-2.1247e-005,0.11041,7.14e-006,0.0025418,-0.0061781,0.097002,-0.13886,0.027182,-0.15971,-0.035552,0.098119,0.090885,-0.048032,-0.088214,-0.27543,-0.091126,-0.062234,-0.017757,-0.1835,0.22258,0.038217,-0.14045,0.4494,-0.074147,-0.060571,0.18576,-0.12,-0.083271,0.13078,0.074416,-0.10658,0.028119,0.13869,0.13658,0.011444,-0.19772,0.11148,0.0076116,2.0779e-014,-0.072467
-0.00050405,1.0868e-007,5.0602e-006,-1.1971e-006,0.017874,4.6352e-006,-4.3435e-006,0.00012197,4.8822e-006,-4.7162e-005,1.1065e-005,0.030455,2.021e-005,-6.8437e-005,0.28416,-9.2994e-005,-0.00050495,0.00057681,0.092905,0.00038511,-8.8956e-005,0.12082,-0.0006651,-0.00021979,0.00036929,-0.00032611,-0.18631,1.2815e-005,3.809e-006,-0.0001322,-0.0007393,0.59643,-0.001526,0.21318,0.0010703,-0.00024658,-0.38771,0.0051699,0.00010386,0.03894,0.0049662,-0.21846,0.0010423,-0.0026773,0.073096,-0.00096506,0.00021732,0.0068503,-0.0018318,-0.00021499,-0.23678,0.00037393,0.00072822,-0.43039,0.00047125,0.11214,4.1739e-005,-6.9147e-006,-9.7239e-007,-3.7294e-006,1.4891e-006,2.8519e-015,2.047e-016,-4.5797e-016,1.1102e-016,8.3267e-017,1.1796e-016,-1.5959e-016,3.0531e-016,-5.2042e-016,3.4694e-016,0,2.9143e-016,-3.5475e-016,7.6328e-017,2.3592e-016,-1.7347e-016,8.3267e-017,6.9389e-017,-4.8572e-017,-2.4286e-016,-1.7347e-017,-1.3878e-017,1.6653e-016,4.1633e-017,-3.8164e-017,9.3675e-017,-2.4286e-017,-2.0817e-017,-1.1796e-016,1.1102e-016,1.2318e-017,2.2118e-017
-7.2352e-007,0.038365,-0.014127,-0.992,-0.00012219,0.10524,0.038346,0.012329,-0.0030664,0.012373,0.00077104,-1.6204e-006,-0.0068444,-0.0022986,1.3018e-005,0.0060149,0.023166,-0.0019423,5.9385e-005,0.0054635,-0.0097642,6.9022e-005,-1.7442e-005,0.0052696,-0.0023699,0.003611,1.5377e-005,-0.0076802,-0.0094914,-0.0014339,-0.011812,-1.4467e-005,-0.003482,-7.1111e-005,-0.0040758,-4.4895e-005,-0.00014748,-0.0083652,-0.0033513,-4.7312e-006,-0.0039202,-0.00013656,-0.012869,-0.0031422,-3.7265e-005,0.00031163,0.0013806,3.4775e-006,0.0018301,0.0013937,2.1619e-006,0.00033254,0.0014518,2.2448e-006,0.0010922,1.3808e-006,0.00062803,-0.00020952,-0.00031986,0.00074946,-0.0007391,0,1.1102e-016,1.3878e-017,1.1102e-016,-5.5511e-017,-2.0817e-017,-6.245e-017,-4.8572e-017,-1.7347e-017,-2.4286e-017,-4.1633e-017,-4.1633e-017,5.5511e-017,-2.4286e-017,3.4694e-017,-1.3878e-017,-1.3878e-017,-4.1633e-017,0,0,-5.5511e-017,2.0817e-017,-6.9389e-018,6.9389e-018,0,-1.3878e-017,1.3878e-017,-3.4694e-018,0,-1.3878e-017,1.0511e-019,1.4572e-016
